,id,ticker,buy_time,buy_price,buy_sum,buy_commission,sell_time,sell_price,sell_sum,sell_commission,stocks_number,status,gain_coef,lose_coef,trailing_LIT_gain_coef,trailing_ratio,profit,buy_order_id,limit_if_touched_order_id,stop_order_id,trailing_LIT_order_id,trailing_stop_limit_order_id,buy_condition_type,tech_indicators,timezone
0,0,DE,2024-08-21 00:39:00.000,374.06,748.12,1.0,2024-08-22 01:21:04.395,375.94,751.88,1.03,2,completed,1.005,0.97,1.007,0.15,1.729999999999991,FA1956DF73E03B2000,FA1956E75EBF44A000,FA1956E877FC84A000,FA1956EEE2AC3B2000,FAXXXX,1h,Not filled,E. Australia Standard Time
1,1,AMT,2024-08-17 01:04:00.000,220.04,440.08,1.0,2024-08-24 00:26:36.973,221.15,442.3,0.04,2,completed,1.005,0.97,1.005,0.15,1.180000000000027,FA1951CACA1BBB2000,FA1958EED98D44A000,FA1951CB1F203B2000,,FAXXXX,1h,Not filled,E. Australia Standard Time
2,2,CME,2024-08-17 02:44:00.000,207.86,623.58,1.0,2024-08-17 03:32:56.103,207.64,622.92,1.03,3,completed,1.005,0.97,1.005,0.15,-2.690000000000082,FA1951E1BCC384A000,FA1951E253C07B2000,FA1951E5847EC4A000,,FAXXXX,1h,Not filled,E. Australia Standard Time
3,3,EL,2024-08-21 23:32:00.000,92.14,921.4,1.02,2024-08-22 00:45:00.415,92.61,926.1,1.06,10,completed,1.005,0.97,1.007,0.15,2.620000000000045,FA195825A91F04A000,FA19582868EDBB2000,,,FAXXXX,1h,Not filled,E. Australia Standard Time
4,4,OXY,2024-08-21 23:54:00.000,56.2087,955.5479,1.04,2024-08-22 01:22:50.234,56.51,960.67,1.08,17,completed,1.005,0.97,1.007,0.15,3.002099999999932,FA19582A946244A000,FA1956E75EBF44A000,FA19582C2F87C4A000,,FAXXXX,1h,Not filled,E. Australia Standard Time
5,5,EOG,2024-08-22 00:30:00.000,126.26,883.82,1.01,2024-08-24 01:39:24.402,126.9409,888.5862999999999,0.05,7,completed,1.005,0.97,1.007,0.15,3.706299999999888,FA195832F268FB2000,FA1958EE17A944A000,FA19583383217B2000,,FAXXXX,1h,Not filled,E. Australia Standard Time
6,6,SLB,2024-08-22 00:37:00.000,44.59,891.8,1.05,2024-08-24 03:26:49.249,44.82,896.4,0.09,20,completed,1.005,0.97,1.007,0.15,3.460000000000023,FA19583495733B2000,FA1958EED5DB3B2000,FA195834E6D27B2000,,FAXXXX,1h,Not filled,E. Australia Standard Time
7,7,MRNA,2024-08-23 23:43:43.195,82.46,1401.82,0.05,2024-08-24 01:31:31.802,82.9,1409.3,0.09999999999999999,17,completed,1.005,0.97,1.006640023500978,0.15,7.330000000000246,FA195ABB6245FB2000,FA195ABBA93BC4A000,FA195ABBA9777B2000,,FAXXXX,1h,Not filled,E. Australia Standard Time
8,8,NXPI,2024-08-24 00:36:11.043,252.4829,1262.4145,0.02,2024-08-28 04:30:17.175,253.46,1267.3,0.06999999999999999,5,completed,1.005,0.97,1.005,0.15,4.795499999999866,FA195AC7644AFB2000,FA195ADCDD993B2000,FA195EA9F212FB2000,FA195EA9F212FB2000,FAXXXX,1h,Not filled,E. Australia Standard Time
9,9,AMD,2024-08-24 00:45:42.558,155.37,1087.59,0.02,2024-08-27 00:28:31.675,156.6,1096.2,0.06,7,completed,1.005,0.97,1.013549948403156,0.15,8.530000000000127,FA195AC992643B2000,FA195ADCDEA384A000,FA195ADCDFD9FB2000,FA195ADCDFD9FB2000,FAXXXX,1h,Not filled,E. Australia Standard Time
10,10,CMG,2024-08-24 02:31:39.177,53.7395,967.311,0.05,2024-08-27 00:28:43.866,54.12,974.16,0.09,18,completed,1.005,0.97,1.013327680836198,0.15,6.708999999999933,FA195AE1D1EF04A000,FA195AE220BF3B2000,FA195AE22108FB2000,FA195AE22108FB2000,FAXXXX,1h,Not filled,E. Australia Standard Time
11,11,TEL,2024-08-24 04:09:31.369,152.14,760.6999999999999,0.02,2024-08-24 06:50:56.274,152.91,764.55,0.05,5,completed,1.005,0.97,1.007,0.15,3.780000000000023,FA195AF8385384A000,FA195AFE0795BB2000,FA195AFE07D3FB2000,,FAXXXX,1h,Not filled,E. Australia Standard Time
12,12,AVGO,2024-08-24 05:56:07.694,165.9492,829.746,0.02,2024-08-26 21:22:18.400,166.95,834.75,0.05,5,completed,1.005,0.97,1.007,0.15,4.93400000000002,FA195B109E9C7B2000,FA195B1180D144A000,FA195B11811144A000,FA195E5F46693B2000,,1h,Not filled,E. Australia Standard Time
13,0,BSX,2024-08-26 23:30:12.101,79.02,790.1999999999999,0.03,2024-08-27 00:43:35.891,79.41,794.0999999999999,0.06,10,completed,1.005,0.97,1.005,0.15,3.809999999999977,FA195E950EC684A000,,FA195E95F6D67B2000,FA195E95F6D67B2000,FA195E96E5E044A000,1h,Not filled,E. Australia Standard Time
14,7,PYPL,2024-08-26 23:33:06.472,71.7096,1434.192,0.06,2024-08-27 00:36:21.533,72.2608,1445.216,0.11,20,completed,1.005,0.97,1.008279092339101,0.15,10.85400000000011,FA195E95B90EBB2000,,FA195E9670D744A000,FA195E9670D744A000,FA195E96E53F84A000,1h,Not filled,E. Australia Standard Time
15,10,INTU,2024-08-26 23:40:25.794,620.21,2474.36,1.111,2024-08-28 03:40:16.670,621.82,2487.28,0.09,4,completed,1.005,0.97,1.007,0.15,11.71900000000007,FA195E976617C4A000,,FA195EA9F51404A000,,FA1960089A40BB2000,1h,Not filled,E. Australia Standard Time
16,30,IDXX,2024-08-26 23:48:07.559,487.87,975.74,0.01,2024-08-27 00:59:42.754,489.53,979.06,0.05,2,completed,1.005,0.97,1.007,0.15,3.259999999999937,FA195E992905BB2000,,FA195E9A2240BB2000,FA195E9A279E7B2000,FA195E9B8DAC84A000,1h,Not filled,E. Australia Standard Time
17,35,AVGO,2024-08-28 02:44:54.945,159.64,1436.76,0.03,2024-08-28 03:49:24.008,160.5009,1444.5081,0.08,9,completed,1.005,0.97,1.005,0.15,7.638100000000022,FA19600B36CFFB2000,,FA19600C095384A000,FA19600C095384A000,FA19600C7A8FC4A000,1h,Not filled,E. Australia Standard Time
18,54,HLT,2024-08-28 02:54:49.528,218.22,1309.32,0.02,2024-08-28 05:24:10.775,219.0016,1314.0096,0.06999999999999999,6,completed,1.005,0.97,1.007,0.15,4.599599999999928,FA19600D7B73FB2000,,FA19600F6A8344A000,FA19600F6AF17B2000,,1h,Not filled,E. Australia Standard Time
19,115,AMD,2024-08-28 03:31:31.472,149.8292,1348.4628,0.03,2024-08-28 07:31:09.971,150.2605,1352.3445,0.08,9,completed,1.005,0.97,1.007,0.15,3.771700000000137,FA196015E1C77B2000,,FA196016F6A2FB2000,FA196016F716C4A000,FA1960381EC3BB2000,1h,Not filled,E. Australia Standard Time
20,218,IDXX,2024-08-28 04:05:52.395,482.72,1448.16,0.01,2024-08-29 00:35:59.138,484.08,1452.24,1.101,3,completed,1.005,0.97,1.007,0.15,2.968999999999927,FA19601DBE643B2000,,FA1960388FBF44A000,FA196038902FC4A000,FA19612852A8FB2000,1h,Not filled,E. Australia Standard Time
21,227,ANET,2024-08-28 04:08:08.729,345.42,1381.68,0.01,2024-08-29 00:28:10.680,345.81,1383.24,0.06,4,completed,1.005,0.97,1.007,0.15,1.489999999999945,FA19601E4388C4A000,,FA19603890CAC4A000,FA196038914404A000,FA19612855533B2000,1h,Not filled,E. Australia Standard Time
22,236,ANET,2024-08-28 23:34:31.492,344.96,1379.84,,2024-08-30 00:30:33.461,347.38,1389.52,0.06,4,completed,1.005,0.95,1.007,0.15,,FA1961293A04C4A000,,FA19612A070244A000,FA19612A0765BB2000,,1h,Not filled,E. Australia Standard Time
23,240,SHW,2024-08-28 23:35:27.931,360.13,1440.52,0.01,2024-08-29 00:55:10.405,362.21,1448.84,0.06,4,completed,1.005,0.95,1.007,0.15,8.249999999999936,FA196129712444A000,,FA19612B11D2FB2000,FA19612B121FC4A000,FA19612CA0AEBB2000,1h,Not filled,E. Australia Standard Time
24,243,ETN,2024-08-28 23:38:35.900,296.17,1184.68,0.01,2024-08-30 00:32:40.360,298.25,1193.0,0.05,4,completed,1.005,0.95,1.007,0.15,8.259999999999936,FA19612A28B3BB2000,,FA19612ACBAA7B2000,FA19612ACBF83B2000,,1h,Not filled,E. Australia Standard Time
25,342,SCHW,2024-08-29 00:29:32.765,63.81,1403.82,0.07,2024-08-29 23:28:07.656,64.31,1414.82,0.12,22,completed,1.005,0.95,1.007,0.15,10.81000000000023,FA196135D1E5C4A000,,FA19613654C2BB2000,FA1961365517BB2000,,1h,Not filled,E. Australia Standard Time
26,372,TJX,2024-08-29 23:32:47.341,119.2222,1430.6664,0.04,2024-08-31 01:09:41.391,116.9734,1403.6808,0.09,12,completed,1.005,0.95,1.007,0.15,-27.11559999999998,FA1962726B6904A000,,FA1962735654C4A000,FA19627356B3FB2000,FA1963C27933FB2000,1h,Not filled,E. Australia Standard Time
27,374,PCAR,2024-08-29 23:32:59.458,94.2,1413.0,0.05,2024-08-30 01:14:45.820,94.78,1421.7,0.09999999999999999,15,completed,1.005,0.95,1.007,0.15,8.550000000000045,FA196272773EBB2000,,FA196273ED083B2000,FA196273ED63BB2000,FA196279BFE6FB2000,1h,Not filled,E. Australia Standard Time
28,405,EQIX,2024-08-29 23:38:19.356,811.18,811.18,0.0,2024-08-30 00:50:58.456,816.86,816.86,0.03,1,completed,1.005,0.95,1.007,0.15,5.650000000000063,FA196273AFA404A000,,FA19627448E0FB2000,FA196274492F44A000,FA19627655BCFB2000,1h,Not filled,E. Australia Standard Time
29,410,JCI,2024-08-29 23:55:32.710,70.68,1413.6,0.06,1971-01-01 00:00:00.000,,0.0,0.0,20,completed,1.005,0.95,1.007,0.15,0.0,FA196277A0C3FB2000,,FA19627904BABB2000,FA1962790509BB2000,,1h,Not filled,E. Australia Standard Time
30,574,ABT,2024-08-30 04:31:51.790,112.6881,1352.2572,0.04,2024-08-31 00:33:17.111,113.0516,1356.6192,0.09,12,completed,1.005,0.95,1.007,0.15,4.231999999999853,FA1962B6DF2BFB2000,,FA1962BC16BEFB2000,FA1962BC1750FB2000,FA1963BC8A57BB2000,1h,Not filled,E. Australia Standard Time
31,601,PLD,2024-08-30 05:30:11.905,125.17,1376.87,0.03,2024-08-31 00:26:08.304,126.05,1386.55,0.08,11,completed,1.005,0.95,1.007,0.15,9.570000000000064,FA1962C4396DBB2000,,FA1962C7BC9B3B2000,FA1962C7BD1D04A000,,1h,Not filled,E. Australia Standard Time
32,1,CRM,2024-08-30 23:30:37.155,256.96,1284.8,0.01,2024-08-31 00:57:48.530,255.9104,1279.552,0.06999999999999999,5,completed,1.005,0.95,1.007,0.15,-5.32799999999982,FA1963BB835284A000,,FA1963BC88F33B2000,FA1963BC8947FB2000,FA1963C27D0404A000,1h,Not filled,E. Australia Standard Time
33,10,MDT,2024-08-30 23:34:07.100,88.0374,1408.5984,0.05,2024-08-31 01:06:07.516,88.3708,1413.9328,0.09999999999999999,16,completed,1.005,0.95,1.007,0.15,5.18439999999996,FA1963BC50597B2000,,FA1963C0DA8F7B2000,FA1963C0DAE0C4A000,FA1963C27C4BBB2000,1h,Not filled,E. Australia Standard Time
34,23,ABT,2024-08-30 23:43:15.079,112.71,1352.52,0.04,2024-08-31 01:02:23.689,112.81,1353.72,0.09,12,completed,1.005,0.95,1.007,0.15,1.070000000000045,FA1963BE6784BB2000,,FA1963C0DBF43B2000,FA1963C0DC46BB2000,FA1963C27DDB3B2000,1h,Not filled,E. Australia Standard Time
35,13,ABT,2024-08-31 00:12:08.592,112.71,1352.52,0.04,2024-08-31 06:48:37.288,113.0801,1356.9612,0.09,12,completed,1.005,0.95,1.007,0.15,4.311199999999981,FA1963C5046284A000,,FA1963C628D204A000,FA1963C6292644A000,FA1964127CB63B2000,1h,Not filled,E. Australia Standard Time
36,4,ZTS,2024-08-31 00:23:17.178,182.32,1276.24,0.02,2024-08-31 06:57:15.205,182.71,1278.97,0.06999999999999999,7,completed,1.005,0.97,1.007,0.15,2.640000000000018,FA1963C7914AC4A000,,FA1963CB303EFB2000,FA1963D01F977B2000,FA1964148BC1BB2000,1h,Not filled,E. Australia Standard Time
37,185,SNPS,2024-08-31 05:30:22.248,515.45,2061.8,0.01,2024-08-31 06:50:41.599,519.06,2076.24,0.07999999999999999,4,completed,1.005,0.97,1.007,0.15,14.3499999999996,FA19640DDA66FB2000,,,,FA1964135F1BC4A000,1h,Not filled,E. Australia Standard Time
38,30,CRM,2024-09-03 23:48:17.679,252.1006,2016.8048,0.02,2024-09-07 01:00:18.595,244.4732,1955.7856,0.08,8,completed,1.005,0.97,1.006,0.15,-61.11919999999996,FA1968E5EADC7B2000,,FA1968E7464D3B2000,FA1968E746A33B2000,,1h,Not filled,E. Australia Standard Time
39,81,CMG,2024-09-04 00:11:12.938,55.24,2154.36,0.12,2024-09-04 04:46:17.253,53.5706,2089.2534,0.19,39,completed,1.005,0.97,1.006,0.15,-65.41660000000007,FA1968EB29E284A000,,FA1968ED3E407B2000,FA1968ED3EA5BB2000,,1h,Not filled,E. Australia Standard Time
40,223,TMUS,2024-09-04 01:22:02.854,200.285,1201.71,0.02,2024-09-04 04:33:15.632,201.015,1206.09,0.06,6,completed,1.005,0.97,1.0065,0.15,4.299999999999883,FA1968FB6030C4A000,,FA1968FBDBDA7B2000,FA1968FBDC4344A000,FA196917336744A000,1m,Not filled,E. Australia Standard Time
41,2,BMY,2024-09-04 04:03:57.977,50.4995,2171.4785,0.13,2024-09-04 05:47:01.321,50.65,2177.95,1.101,43,completed,1.005,0.97,1.006,0.15,5.240500000000106,FA196920701644A000,,FA196921084DBB2000,FA19692108AAC4A000,FA196929D46DC4A000,1m,Not filled,E. Australia Standard Time
42,4,ABT,2024-09-04 04:07:29.572,114.5799,1260.3789,0.03,2024-09-05 00:58:51.994,115.4008,1269.4088,0.08,11,completed,1.005,0.97,1.0075,0.15,8.919900000000226,FA1969213EB5BB2000,,FA196922605D44A000,FA19692260BA44A000,FA196A30E8B13B2000,1m,Not filled,E. Australia Standard Time
43,7,XOM,2024-09-04 04:52:13.631,115.859,2085.462,,2024-09-07 01:51:02.668,112.362,2022.516,0.14,18,completed,1.005,0.97,1.006,0.15,,FA19692B7BD384A000,,FA19692C1CBAC4A000,FA19692C1D1AC4A000,,1m,Not filled,E. Australia Standard Time
44,46,MCHP,2024-09-05 00:22:30.266,76.27,1372.86,0.05,2024-09-05 01:23:07.529,76.4117,1375.4106,0.09999999999999999,18,completed,1.005,0.97,1.006,0.15,2.400600000000031,FA196A3755FDC4A000,,FA196A37CB96C4A000,FA196A37CBEF04A000,FA196A384D7A44A000,1m,Not filled,E. Australia Standard Time
45,14,JCI,2024-09-05 00:33:50.739,70.85,1346.15,0.06,2024-09-07 01:13:11.722,68.6913,1305.1347,0.11,19,completed,1.005,0.97,1.006,0.15,-41.18530000000003,FA196A39EE827B2000,,FA196A3A57AB04A000,FA196A3A57FE3B2000,,1m,Not filled,E. Australia Standard Time
46,1,BDX,2024-09-05 23:30:16.027,236.33,1181.65,,2024-09-10 02:33:45.170,237.89,1189.45,0.07,5,completed,1.005,0.97,1.0065,0.15,,FA196B74F88B84A000,,FA196B75684104A000,FA196B75689104A000,FA1970B57D0BFB2000,1h,Not filled,E. Australia Standard Time
47,0,CSCO,2024-09-09 23:38:12.198,48.25,2171.25,1.111,1971-01-01 00:00:00.000,,0.0,0.0,45,cancelled,1.005,0.97,1.006,0.15,0.0,FA19709D25EF3B2000,,,,,1h,"{'mv': np.float64(6.145653587281808), 'mv_2m': np.float64(3.826396455964831), 'mv_5m': np.float64(4.348055343965451), 'mv_30m': np.float64(1.8264964756369295), 'mv_60m': np.float64(1.8264964756369295)}",E. Australia Standard Time
48,0,BLK,2024-09-09 23:49:35.333,862.33,1724.66,1.111,1971-01-01 00:00:00.000,,0.0,0.0,2,cancelled,1.005,0.97,1.006,0.15,0.0,FA19709FC10A7B2000,,,,,1h,"{'mv': np.float64(-2.3921788669576385), 'mv_2m': np.float64(0.48712839265601104), 'mv_5m': np.float64(1.4851516184821723), 'mv_30m': np.float64(-3.829414064007941), 'mv_60m': np.float64(-3.829414064007941)}",E. Australia Standard Time
49,1,AMD,2024-09-09 23:49:42.485,132.61,2121.76,1.111,1971-01-01 00:00:00.000,,0.0,0.0,16,cancelled,1.005,0.97,1.006,0.15,0.0,FA19709FC80404A000,,,,,1h,"{'mv': np.float64(-2.432648477243581), 'mv_2m': np.float64(0.4466587823700685), 'mv_5m': np.float64(1.418795797745398), 'mv_30m': np.float64(-2.5201260102310163), 'mv_60m': np.float64(-2.5201260102310163)}",E. Australia Standard Time
50,2,WELL,2024-09-09 23:51:19.131,123.28,2095.76,1.111,1971-01-01 00:00:00.000,,0.0,0.0,17,cancelled,1.005,0.97,1.006,0.15,0.0,FA1970A0266904A000,,,,,1h,"{'mv': np.float64(-0.20558740007210385), 'mv_2m': np.float64(2.2926375804293464), 'mv_5m': np.float64(5.656694239377047), 'mv_30m': np.float64(-2.3312354600977248), 'mv_60m': np.float64(-2.3312354600977248)}",E. Australia Standard Time
51,3,IBM,2024-09-09 23:51:27.374,199.95,2199.45,1.111,1971-01-01 00:00:00.000,,0.0,0.0,11,cancelled,1.005,0.97,1.006,0.15,0.0,FA1970A02E743B2000,,,,,1h,"{'mv': np.float64(0.1536060497119749), 'mv_2m': np.float64(2.651831030213425), 'mv_5m': np.float64(6.168863388508172), 'mv_30m': np.float64(0.6446355223258093), 'mv_60m': np.float64(0.6446355223258093)}",E. Australia Standard Time
52,4,BLK,2024-09-09 23:55:25.511,862.33,1724.66,1.111,1971-01-01 00:00:00.000,,0.0,0.0,2,cancelled,1.005,0.97,1.006,0.15,0.0,FA1970A117017B2000,,,,,1h,"{'mv': np.float64(2.5144453841940537), 'mv_2m': np.float64(2.2498230262918195), 'mv_5m': np.float64(1.5648709905066838), 'mv_30m': np.float64(0.0150505032775472), 'mv_60m': np.float64(0.0150505032775472)}",E. Australia Standard Time
53,5,AMD,2024-09-09 23:55:32.611,132.61,2121.76,1.111,1971-01-01 00:00:00.000,,0.0,0.0,16,cancelled,1.005,0.97,1.006,0.15,0.0,FA1970A11DEFBB2000,,,,,1h,"{'mv': np.float64(2.5927847413855574), 'mv_2m': np.float64(2.328162383483323), 'mv_5m': np.float64(1.6691085994129828), 'mv_30m': np.float64(1.541509624693016), 'mv_60m': np.float64(1.541509624693016)}",E. Australia Standard Time
54,6,WELL,2024-09-09 23:55:43.710,123.28,2095.76,1.111,1971-01-01 00:00:00.000,,0.0,0.0,17,cancelled,1.005,0.97,1.006,0.15,0.0,FA1970A128C784A000,,,,,1h,"{'mv': np.float64(2.67312447496011), 'mv_2m': np.float64(2.4085021170578758), 'mv_5m': np.float64(1.1755352958795928), 'mv_30m': np.float64(-0.7186234580563111), 'mv_60m': np.float64(-0.7186234580563111)}",E. Australia Standard Time
55,7,IBM,2024-09-09 23:55:51.769,199.95,2199.45,1.111,1971-01-01 00:00:00.000,,0.0,0.0,11,cancelled,1.005,0.97,1.006,0.15,0.0,FA1970A130A644A000,,,,,1h,"{'mv': np.float64(2.7126233958767685), 'mv_2m': np.float64(2.4480010379745343), 'mv_5m': np.float64(1.3947729587870494), 'mv_30m': np.float64(2.6922055636506625), 'mv_60m': np.float64(2.6922055636506625)}",E. Australia Standard Time
56,8,CSCO,2024-09-09 23:56:21.076,48.25,2171.25,1.111,1971-01-01 00:00:00.000,,0.0,0.0,45,cancelled,1.005,0.97,1.006,0.15,0.0,FA1970A14D4604A000,,,,,1h,"{'mv': np.float64(3.009501463777543), 'mv_2m': np.float64(2.7448791058753086), 'mv_5m': np.float64(2.7453961865076204), 'mv_30m': np.float64(2.659298872521121), 'mv_60m': np.float64(2.659298872521121)}",E. Australia Standard Time
57,9,WELL,2024-09-09 23:58:50.817,123.28,2095.76,1.111,1971-01-01 00:00:00.000,,0.0,0.0,17,cancelled,1.005,0.97,1.006,0.15,0.0,FA1970A1DF7DBB2000,,,,,1h,"{'mv': np.float64(3.5778827653702114), 'mv_2m': np.float64(0.48574105797334344), 'mv_5m': np.float64(1.914332615225689), 'mv_30m': np.float64(-0.9575669715620405), 'mv_60m': np.float64(-0.9575669715620405)}",E. Australia Standard Time
58,10,IBM,2024-09-09 23:58:59.083,199.95,2199.45,1.111,1971-01-01 00:00:00.000,,0.0,0.0,11,cancelled,1.005,0.97,1.006,0.15,0.0,FA1970A1E79004A000,,,,,1h,"{'mv': np.float64(3.7297106189617244), 'mv_2m': np.float64(0.6375689115648564), 'mv_5m': np.float64(2.263322034841053), 'mv_30m': np.float64(2.7618943527116357), 'mv_60m': np.float64(2.7618943527116357)}",E. Australia Standard Time
59,11,CSCO,2024-09-09 23:59:27.932,48.25,2171.25,1.111,1971-01-01 00:00:00.000,,0.0,0.0,45,cancelled,1.005,0.97,1.006,0.15,0.0,FA1970A203BC04A000,,,,,1h,"{'mv': np.float64(3.4980767842669023), 'mv_2m': np.float64(0.3579993667163883), 'mv_5m': np.float64(3.088985194032978), 'mv_30m': np.float64(2.7263754156485964), 'mv_60m': np.float64(2.7263754156485964)}",E. Australia Standard Time
60,12,BLK,2024-09-10 00:01:44.872,862.33,1724.66,1.111,1971-01-01 00:00:00.000,,0.0,0.0,2,cancelled,1.005,0.97,1.006,0.15,0.0,FA1970A289783B2000,,,,,1h,"{'mv': np.float64(4.68567038854666), 'mv_2m': np.float64(1.9701870327774929), 'mv_5m': np.float64(1.0175631793610362), 'mv_30m': np.float64(0.9555100419160301), 'mv_60m': np.float64(-1.0139412095570899)}",E. Australia Standard Time
61,13,WELL,2024-09-10 00:01:57.422,123.28,2095.76,1.111,1971-01-01 00:00:00.000,,0.0,0.0,17,cancelled,1.005,0.97,1.006,0.15,0.0,FA1970A295B97B2000,,,,,1h,"{'mv': np.float64(4.6379712040860674), 'mv_2m': np.float64(1.9224878483169006), 'mv_5m': np.float64(1.8468101662068914), 'mv_30m': np.float64(1.8899554842475297), 'mv_60m': np.float64(-0.18762935756084786)}",E. Australia Standard Time
62,14,IBM,2024-09-10 00:02:05.754,199.95,2199.45,1.111,1971-01-01 00:00:00.000,,0.0,0.0,11,cancelled,1.005,0.97,1.006,0.15,0.0,FA1970A29DDB04A000,,,,,1h,"{'mv': np.float64(4.681078517249816), 'mv_2m': np.float64(1.9655951614806488), 'mv_5m': np.float64(2.4758715605169623), 'mv_30m': np.float64(5.567643442859116), 'mv_60m': np.float64(4.0299231078001485)}",E. Australia Standard Time
63,15,CSCO,2024-09-10 00:02:32.992,48.25,2171.25,1.111,1971-01-01 00:00:00.000,,0.0,0.0,45,cancelled,1.005,0.97,1.006,0.15,0.0,FA1970A2B87884A000,,,,,1h,"{'mv': np.float64(3.824696176202603), 'mv_2m': np.float64(1.1092128204334362), 'mv_5m': np.float64(2.108178948127981), 'mv_30m': np.float64(7.321522952102687), 'mv_60m': np.float64(4.05580738820388)}",E. Australia Standard Time
64,0,BLK,2024-09-10 00:07:51.230,862.33,1724.66,1.111,1971-01-01 00:00:00.000,,0.0,0.0,2,cancelled,1.005,0.97,1.006,0.15,0.0,FA1970A3EF3CFB2000,,,,,1h,"{'mv': np.float64(3.5205683720406453), 'mv_2m': np.float64(1.0154899167490683), 'mv_5m': np.float64(2.4776744175984744), 'mv_30m': np.float64(3.6489271352143193), 'mv_60m': np.float64(0.09910265945718422)}",E. Australia Standard Time
65,1,AMD,2024-09-10 00:07:58.353,132.61,2121.76,1.111,1971-01-01 00:00:00.000,,0.0,0.0,16,cancelled,1.005,0.97,1.006,0.15,0.0,FA1970A3F634FB2000,,,,,1h,"{'mv': np.float64(3.382450538752658), 'mv_2m': np.float64(0.877372083461081), 'mv_5m': np.float64(2.0155990977291705), 'mv_30m': np.float64(4.156432175021063), 'mv_60m': np.float64(1.2106730849226643)}",E. Australia Standard Time
66,3,IBM,2024-09-10 00:08:15.793,199.95,2199.45,1.111,1971-01-01 00:00:00.000,,0.0,0.0,11,cancelled,1.005,0.97,1.006,0.15,0.0,FA1970A4073944A000,,,,,1h,"{'mv': np.float64(3.5177603086545615), 'mv_2m': np.float64(1.0126818533629844), 'mv_5m': np.float64(2.864392537862903), 'mv_30m': np.float64(7.908207608180496), 'mv_60m': np.float64(5.836447789682331)}",E. Australia Standard Time
67,4,CSCO,2024-09-10 00:08:43.273,48.25,2171.25,1.111,1971-01-01 00:00:00.000,,0.0,0.0,45,cancelled,1.005,0.97,1.006,0.15,0.0,FA1970A4220F3B2000,,,,,1h,"{'mv': np.float64(3.9779306348554098), 'mv_2m': np.float64(1.4728521795638327), 'mv_5m': np.float64(5.621402606253079), 'mv_30m': np.float64(12.38176976187866), 'mv_60m': np.float64(9.005877281078932)}",E. Australia Standard Time
68,5,WELL,2024-09-10 00:09:45.225,123.28,2095.76,1.111,1971-01-01 00:00:00.000,,0.0,0.0,17,cancelled,1.005,0.97,1.006,0.15,0.0,FA1970A45E8FBB2000,,,,,1h,"{'mv': np.float64(4.4558095580467425), 'mv_2m': np.float64(0.6286502707378849), 'mv_5m': np.float64(3.113082175339965), 'mv_30m': np.float64(5.918727567018522), 'mv_60m': np.float64(1.8019868181796461)}",E. Australia Standard Time
69,6,BLK,2024-09-10 00:11:07.197,862.33,1724.66,1.111,1971-01-01 00:00:00.000,,0.0,0.0,2,cancelled,1.005,0.97,1.006,0.15,0.0,FA1970A4AE9CC4A000,,,,,1h,"{'mv': np.float64(5.583951391370291), 'mv_2m': np.float64(0.7843981085502216), 'mv_5m': np.float64(2.2825580927325895), 'mv_30m': np.float64(8.713603398075985), 'mv_60m': np.float64(2.1911466956567205)}",E. Australia Standard Time
70,7,AMD,2024-09-10 00:11:14.531,132.61,2121.76,1.111,1971-01-01 00:00:00.000,,0.0,0.0,16,cancelled,1.005,0.97,1.006,0.15,0.0,FA1970A4B5C384A000,,,,,1h,"{'mv': np.float64(5.7832246924673045), 'mv_2m': np.float64(0.9836714096472354), 'mv_5m': np.float64(2.70066699123106), 'mv_30m': np.float64(9.36094475603506), 'mv_60m': np.float64(3.758076712536784)}",E. Australia Standard Time
71,8,IBM,2024-09-10 00:11:31.386,199.95,2199.45,1.111,1971-01-01 00:00:00.000,,0.0,0.0,11,cancelled,1.005,0.97,1.006,0.15,0.0,FA1970A4C6397B2000,,,,,1h,"{'mv': np.float64(6.7711560965930015), 'mv_2m': np.float64(1.9716028137729324), 'mv_5m': np.float64(4.324866672920313), 'mv_30m': np.float64(14.428945984799867), 'mv_60m': np.float64(10.02286561778074)}",E. Australia Standard Time
72,9,CSCO,2024-09-10 00:11:59.764,48.25,2171.25,1.111,1971-01-01 00:00:00.000,,0.0,0.0,45,cancelled,1.005,0.97,1.006,0.15,0.0,FA1970A4E1FD3B2000,,,,,1h,"{'mv': np.float64(8.087527822677366), 'mv_2m': np.float64(3.287974539857297), 'mv_5m': np.float64(7.1036310769618805), 'mv_30m': np.float64(20.654195170758257), 'mv_60m': np.float64(16.005649549763554)}",E. Australia Standard Time
73,10,WELL,2024-09-10 00:13:04.751,123.28,2095.76,1.111,1971-01-01 00:00:00.000,,0.0,0.0,17,cancelled,1.005,0.97,1.006,0.15,0.0,FA1970A52165C4A000,,,,,1h,"{'mv': np.float64(7.158167386975058), 'mv_2m': np.float64(-0.9910016648769782), 'mv_5m': np.float64(2.0104672311122673), 'mv_30m': np.float64(9.61819307960956), 'mv_60m': np.float64(2.9683644332307413)}",E. Australia Standard Time
74,0,BLK,2024-09-10 00:17:47.288,862.33,1724.66,1.111,1971-01-01 00:00:00.000,,0.0,0.0,2,cancelled,1.005,0.97,1.006,0.15,0.0,FA1970A6355144A000,,,,,1h,"{'mv': np.float64(0.9351428194916753), 'mv_2m': np.float64(1.137379809358685), 'mv_5m': np.float64(1.2881638403898554), 'mv_30m': np.float64(9.38211695664761), 'mv_60m': np.float64(3.674847731576536)}",E. Australia Standard Time
75,1,AMD,2024-09-10 00:17:54.444,132.61,2121.76,1.111,1971-01-01 00:00:00.000,,0.0,0.0,16,cancelled,1.005,0.97,1.006,0.15,0.0,FA1970A63C53BB2000,,,,,1h,"{'mv': np.float64(0.9079475997243467), 'mv_2m': np.float64(1.1101845895913565), 'mv_5m': np.float64(1.2342804034761956), 'mv_30m': np.float64(9.91521765704164), 'mv_60m': np.float64(5.179017279002518)}",E. Australia Standard Time
76,2,WELL,2024-09-10 00:18:05.709,123.28,2095.76,1.111,1971-01-01 00:00:00.000,,0.0,0.0,17,cancelled,1.005,0.97,1.006,0.15,0.0,FA1970A6474E7B2000,,,,,1h,"{'mv': np.float64(0.6588705584434926), 'mv_2m': np.float64(0.8611075483105024), 'mv_5m': np.float64(1.2095161662061704), 'mv_30m': np.float64(11.728037679543558), 'mv_60m': np.float64(4.141213763220009)}",E. Australia Standard Time
77,3,IBM,2024-09-10 00:18:14.305,199.95,2199.45,1.111,1971-01-01 00:00:00.000,,0.0,0.0,11,cancelled,1.005,0.97,1.006,0.15,0.0,FA1970A64FB344A000,,,,,1h,"{'mv': np.float64(0.308683620729334), 'mv_2m': np.float64(0.5109206105963437), 'mv_5m': np.float64(0.12052035485874413), 'mv_30m': np.float64(14.807501253684638), 'mv_60m': np.float64(9.986127072727944)}",E. Australia Standard Time
78,4,CSCO,2024-09-10 00:18:42.133,48.25,2171.25,1.111,1971-01-01 00:00:00.000,,0.0,0.0,45,cancelled,1.005,0.97,1.006,0.15,0.0,FA1970A66AE244A000,,,,,1h,"{'mv': np.float64(0.4507887979637202), 'mv_2m': np.float64(0.65302578783073), 'mv_5m': np.float64(0.7962033513611688), 'mv_30m': np.float64(21.973402272450866), 'mv_60m': np.float64(15.94068985799325)}",E. Australia Standard Time
79,6,BLK,2024-09-10 00:22:22.313,862.33,1724.66,1.111,1971-01-01 00:00:00.000,,0.0,0.0,2,cancelled,1.005,0.97,1.006,0.15,0.0,FA1970A741E33B2000,,,,,1h,"{'mv': np.float64(-0.1916554426409247), 'mv_2m': np.float64(0.6026238535258743), 'mv_5m': np.float64(1.1497243557941461), 'mv_30m': np.float64(9.080180159424934), 'mv_60m': np.float64(5.09336335246755)}",E. Australia Standard Time
80,7,AMD,2024-09-10 00:22:29.428,132.61,2121.76,1.111,1971-01-01 00:00:00.000,,0.0,0.0,16,cancelled,1.005,0.97,1.006,0.15,0.0,FA1970A748D83B2000,,,,,1h,"{'mv': np.float64(-0.2753432740984154), 'mv_2m': np.float64(0.5189360220683836), 'mv_5m': np.float64(0.698169833491713), 'mv_30m': np.float64(8.664189798874357), 'mv_60m': np.float64(6.070239682454415)}",E. Australia Standard Time
81,8,WELL,2024-09-10 00:22:40.445,123.28,2095.76,1.111,1971-01-01 00:00:00.000,,0.0,0.0,17,cancelled,1.005,0.97,1.006,0.15,0.0,FA1970A7539844A000,,,,,1h,"{'mv': np.float64(-0.6784142769317372), 'mv_2m': np.float64(0.11586501923506187), 'mv_5m': np.float64(-0.24912014278382077), 'mv_30m': np.float64(8.93208291124974), 'mv_60m': np.float64(4.229308645610175)}",E. Australia Standard Time
82,9,IBM,2024-09-10 00:22:49.060,199.95,2199.45,1.111,1971-01-01 00:00:00.000,,0.0,0.0,11,cancelled,1.005,0.97,1.006,0.15,0.0,FA1970A75C033B2000,,,,,1h,"{'mv': np.float64(-1.0722029928858614), 'mv_2m': np.float64(-0.27792369671906236), 'mv_5m': np.float64(-0.2072598571051243), 'mv_30m': np.float64(11.253592009833046), 'mv_60m': np.float64(10.031980074249123)}",E. Australia Standard Time
83,10,CSCO,2024-09-10 00:23:17.105,48.25,2171.25,1.111,1971-01-01 00:00:00.000,,0.0,0.0,45,cancelled,1.005,0.97,1.006,0.15,0.0,FA1970A77764BB2000,,,,,1h,"{'mv': np.float64(-2.292376041127863), 'mv_2m': np.float64(-1.4980967449610638), 'mv_5m': np.float64(-2.8768156559430214), 'mv_30m': np.float64(15.980428934626474), 'mv_60m': np.float64(13.225251180396631)}",E. Australia Standard Time
84,11,BLK,2024-09-10 00:28:08.979,862.33,1724.66,1.111,1971-01-01 00:00:00.000,,0.0,0.0,2,cancelled,1.005,0.97,1.006,0.15,0.0,FA1970A8946D3B2000,,,,,1h,"{'mv': np.float64(-8.501672905269917), 'mv_2m': np.float64(-0.09707565100343096), 'mv_5m': np.float64(-1.4771280058568426), 'mv_30m': np.float64(4.490176961520298), 'mv_60m': np.float64(2.145893160691714)}",E. Australia Standard Time
85,12,AMD,2024-09-10 00:28:16.197,132.61,2121.76,1.111,1971-01-01 00:00:00.000,,0.0,0.0,16,cancelled,1.005,0.97,1.006,0.15,0.0,FA1970A89B7804A000,,,,,1h,"{'mv': np.float64(-8.436657540600132), 'mv_2m': np.float64(-0.032060286333646104), 'mv_5m': np.float64(-1.5205192478588092), 'mv_30m': np.float64(3.9360641786110095), 'mv_60m': np.float64(3.320747266608959)}",E. Australia Standard Time
86,13,WELL,2024-09-10 00:28:27.332,123.28,2095.76,1.111,1971-01-01 00:00:00.000,,0.0,0.0,17,cancelled,1.005,0.97,1.006,0.15,0.0,FA1970A8A658BB2000,,,,,1h,"{'mv': np.float64(-8.49030382305219), 'mv_2m': np.float64(-0.08570656878570393), 'mv_5m': np.float64(-1.9724429455172832), 'mv_30m': np.float64(2.6593588384722366), 'mv_60m': np.float64(0.9547334746524916)}",E. Australia Standard Time
87,14,IBM,2024-09-10 00:28:35.668,199.95,2199.45,1.111,1971-01-01 00:00:00.000,,0.0,0.0,11,cancelled,1.005,0.97,1.006,0.15,0.0,FA1970A8AE7C84A000,,,,,1h,"{'mv': np.float64(-8.58650232118102), 'mv_2m': np.float64(-0.1819050669145339), 'mv_5m': np.float64(-2.579871949953483), 'mv_30m': np.float64(3.536093861315459), 'mv_60m': np.float64(6.123353426914169)}",E. Australia Standard Time
88,15,LIN,2024-09-10 00:28:46.435,463.06,1852.24,0.01,2024-09-10 02:52:38.479,463.85,1855.4,0.07,4,completed,1.005,0.97,1.006,0.15,3.080000000000082,FA1970A8B9003B2000,,FA1970A982977B2000,FA1970A982F0BB2000,FA1970BB8926C4A000,1m,"{'mv': np.float64(-8.251378976350388), 'mv_2m': np.float64(0.15321827791610065), 'mv_5m': np.float64(-2.5188791825066836), 'mv_30m': np.float64(3.627262938726594), 'mv_60m': np.float64(9.605177446663273)}",E. Australia Standard Time
89,16,PSX,2024-09-10 00:28:57.074,128.78,2189.26,0.05,1971-01-01 00:00:00.000,,0.0,0.0,17,bought,1.005,0.97,1.006,0.15,0.0,FA1970A8C36284A000,,FA1970A981BDC4A000,FA1970A98217BB2000,,1m,"{'mv': np.float64(-8.257422382824975), 'mv_2m': np.float64(0.1471748714415133), 'mv_5m': np.float64(-2.5105898897386236), 'mv_30m': np.float64(3.564092603835345), 'mv_60m': np.float64(8.440087670148323)}",E. Australia Standard Time
90,18,CSCO,2024-09-10 00:29:18.417,48.25,2171.25,1.111,1971-01-01 00:00:00.000,,0.0,0.0,45,cancelled,1.005,0.97,1.006,0.15,0.0,FA1970A8D83DFB2000,,,,,1h,"{'mv': np.float64(-7.853397781171969), 'mv_2m': np.float64(0.5511994730945213), 'mv_5m': np.float64(-3.3495448600731503), 'mv_30m': np.float64(3.7050202498519313), 'mv_60m': np.float64(7.225754216238921)}",E. Australia Standard Time
91,19,OXY,2024-09-10 00:30:26.107,51.86,1400.22,1.111,1971-01-01 00:00:00.000,,0.0,0.0,27,cancelled,1.005,0.97,1.006,0.15,0.0,FA1970A91A5784A000,,,,,1h,"{'mv': np.float64(-7.340180719272684), 'mv_2m': np.float64(0.16952830440055688), 'mv_5m': np.float64(-0.00886483931503701), 'mv_30m': np.float64(4.173205549194026), 'mv_60m': np.float64(6.9148076543903425)}",E. Australia Standard Time
92,20,USB,2024-09-10 00:30:40.215,44.42,1421.44,1.111,1971-01-01 00:00:00.000,,0.0,0.0,32,cancelled,1.005,0.97,1.006,0.15,0.0,FA1970A9281C44A000,,,,,1h,"{'mv': np.float64(-7.900849150146052), 'mv_2m': np.float64(-0.39114012647281093), 'mv_5m': np.float64(-0.42550998941031093), 'mv_30m': np.float64(3.847047522761904), 'mv_60m': np.float64(9.04399200243693)}",E. Australia Standard Time
93,21,QCOM,2024-09-10 00:30:58.321,157.41,1416.69,1.111,1971-01-01 00:00:00.000,,0.0,0.0,9,cancelled,1.005,0.97,1.006,0.15,0.0,FA1970A939CA3B2000,,,,,1h,"{'mv': np.float64(-8.446463593627012), 'mv_2m': np.float64(-0.9367545699537683), 'mv_5m': np.float64(-0.44943545327593704), 'mv_30m': np.float64(2.548509116476172), 'mv_60m': np.float64(9.161914749204445)}",E. Australia Standard Time
94,22,CVX,2024-09-10 00:31:05.471,138.45,1384.5,1.111,1971-01-01 00:00:00.000,,0.0,0.0,10,cancelled,1.005,0.97,1.006,0.15,0.0,FA1970A940C7FB2000,,,,,1h,"{'mv': np.float64(-8.45713779601271), 'mv_2m': np.float64(-0.9474287723394648), 'mv_5m': np.float64(-0.47439869897414333), 'mv_30m': np.float64(3.0927648243889827), 'mv_60m': np.float64(9.95208703423369)}",E. Australia Standard Time
95,23,AXP,2024-09-10 00:31:13.543,243.46,1217.3,1.111,1971-01-01 00:00:00.000,,0.0,0.0,5,cancelled,1.005,0.97,1.006,0.15,0.0,FA1970A948AB84A000,,,,,1h,"{'mv': np.float64(-8.81212177286079), 'mv_2m': np.float64(-1.3024127491875426), 'mv_5m': np.float64(-0.8887975047580099), 'mv_30m': np.float64(2.946935082224522), 'mv_60m': np.float64(7.3465116778041555)}",E. Australia Standard Time
96,24,FTNT,2024-09-10 00:31:22.421,74.8,1421.2,1.111,1971-01-01 00:00:00.000,,0.0,0.0,19,cancelled,1.005,0.97,1.006,0.15,0.0,FA1970A9515284A000,,,,,1h,"{'mv': np.float64(-8.870572756995916), 'mv_2m': np.float64(-1.3608637333226703), 'mv_5m': np.float64(-1.0467836229758554), 'mv_30m': np.float64(2.7052384512290972), 'mv_60m': np.float64(9.120616311106165)}",E. Australia Standard Time
97,25,JPM,2024-09-10 00:31:33.326,211.99,1271.94,1.111,1971-01-01 00:00:00.000,,0.0,0.0,6,cancelled,1.005,0.97,1.006,0.15,0.0,FA1970A95BFA84A000,,,,,1h,"{'mv': np.float64(-9.36195675060773), 'mv_2m': np.float64(-1.8522477269344861), 'mv_5m': np.float64(-1.551993768981541), 'mv_30m': np.float64(1.4866313524190877), 'mv_60m': np.float64(7.665311230615733)}",E. Australia Standard Time
98,26,MCHP,2024-09-10 00:31:45.146,73.82,1402.58,1.111,1971-01-01 00:00:00.000,,0.0,0.0,19,cancelled,1.005,0.97,1.006,0.15,0.0,FA1970A967863B2000,,,,,1h,"{'mv': np.float64(-9.937913665487033), 'mv_2m': np.float64(-2.4282046418137915), 'mv_5m': np.float64(-2.0745896382729168), 'mv_30m': np.float64(-0.9674955944190655), 'mv_60m': np.float64(5.408681590338669)}",E. Australia Standard Time
99,27,WFC,2024-09-10 00:34:09.538,53.76,1397.76,1.111,1971-01-01 00:00:00.000,,0.0,0.0,26,cancelled,1.005,0.97,1.006,0.15,0.0,FA1970A9F48A44A000,,,,,1h,"{'mv': np.float64(-8.92156458482392), 'mv_2m': np.float64(0.11716038204623302), 'mv_5m': np.float64(0.11567209810185997), 'mv_30m': np.float64(1.2798884571346036), 'mv_60m': np.float64(0.7109540499016687)}",E. Australia Standard Time
100,28,TXN,2024-09-10 00:34:16.806,197.06,1379.42,1.111,1971-01-01 00:00:00.000,,0.0,0.0,7,cancelled,1.005,0.97,1.006,0.15,0.0,FA1970A9FBA084A000,,,,,1h,"{'mv': np.float64(-8.97389126038071), 'mv_2m': np.float64(0.0648337064894422), 'mv_5m': np.float64(0.005068911619510175), 'mv_30m': np.float64(0.7281765515956051), 'mv_60m': np.float64(0.5395790575319914)}",E. Australia Standard Time
101,29,KO,2024-09-10 00:34:24.686,71.01,1420.2,1.111,1971-01-01 00:00:00.000,,0.0,0.0,20,cancelled,1.005,0.97,1.006,0.15,0.0,FA1970AA035144A000,,,,,1h,"{'mv': np.float64(-9.011881999181021), 'mv_2m': np.float64(0.026842967689133523), 'mv_5m': np.float64(0.27545164255866617), 'mv_30m': np.float64(0.8870394271666582), 'mv_60m': np.float64(0.9264083521884459)}",E. Australia Standard Time
102,30,PYPL,2024-09-10 00:34:32.095,68.81,1376.2,1.111,1971-01-01 00:00:00.000,,0.0,0.0,20,cancelled,1.005,0.97,1.006,0.15,0.0,FA1970AA0A8FBB2000,,,,,1h,"{'mv': np.float64(-8.99452453680683), 'mv_2m': np.float64(0.04420043006332364), 'mv_5m': np.float64(-0.23315294504591133), 'mv_30m': np.float64(1.2561025271435655), 'mv_60m': np.float64(1.0837715154611072)}",E. Australia Standard Time
103,31,ADM,2024-09-10 00:34:38.922,59.37,1424.88,1.111,1971-01-01 00:00:00.000,,0.0,0.0,24,cancelled,1.005,0.97,1.006,0.15,0.0,FA1970AA1139C4A000,,,,,1h,"{'mv': np.float64(-9.04362243782469), 'mv_2m': np.float64(-0.004897470954534633), 'mv_5m': np.float64(-0.3182813360780967), 'mv_30m': np.float64(1.5654496344103874), 'mv_60m': np.float64(2.5541272822416916)}",E. Australia Standard Time
104,32,FDX,2024-09-10 00:34:45.429,282.82,1414.1,1.111,1971-01-01 00:00:00.000,,0.0,0.0,5,cancelled,1.005,0.97,1.006,0.15,0.0,FA1970AA17943B2000,,,,,1h,"{'mv': np.float64(-8.989064614534666), 'mv_2m': np.float64(0.04966035233548993), 'mv_5m': np.float64(-0.2708032399194593), 'mv_30m': np.float64(2.0541784651179507), 'mv_60m': np.float64(3.0940618593079616)}",E. Australia Standard Time
105,33,PGR,2024-09-10 00:34:51.784,248.32,1241.6,1.111,1971-01-01 00:00:00.000,,0.0,0.0,5,cancelled,1.005,0.97,1.006,0.15,0.0,FA1970AA1DC844A000,,,,,1h,"{'mv': np.float64(-8.930907043686382), 'mv_2m': np.float64(0.10781792318377281), 'mv_5m': np.float64(-0.01329624808301677), 'mv_30m': np.float64(1.9428195359769251), 'mv_60m': np.float64(3.0811642729220434)}",E. Australia Standard Time
106,34,JCI,2024-09-10 00:34:58.739,67.88,1425.48,1.111,1971-01-01 00:00:00.000,,0.0,0.0,21,cancelled,1.005,0.97,1.006,0.15,0.0,FA1970AA249404A000,,,,,1h,"{'mv': np.float64(-8.949188784006331), 'mv_2m': np.float64(0.08953618286382525), 'mv_5m': np.float64(-0.508918011838766), 'mv_30m': np.float64(1.6531349186970523), 'mv_60m': np.float64(2.348609673395563)}",E. Australia Standard Time
107,35,TEL,2024-09-10 00:35:10.964,143.24,1432.4,1.111,1971-01-01 00:00:00.000,,0.0,0.0,10,cancelled,1.005,0.97,1.006,0.15,0.0,FA1970AA3084BB2000,,,,,1h,"{'mv': np.float64(-8.976748572823942), 'mv_2m': np.float64(0.0619763940462148), 'mv_5m': np.float64(-0.8148691209762804), 'mv_30m': np.float64(1.3840795722296129), 'mv_60m': np.float64(2.032332658790015)}",E. Australia Standard Time
108,36,WM,2024-09-10 00:35:17.531,204.79,1433.53,1.111,1971-01-01 00:00:00.000,,0.0,0.0,7,cancelled,1.005,0.97,1.006,0.15,0.0,FA1970AA36ED84A000,,,,,1h,"{'mv': np.float64(-9.030022794360011), 'mv_2m': np.float64(0.00870217251014438), 'mv_5m': np.float64(-0.8680846090034944), 'mv_30m': np.float64(1.2775324998606452), 'mv_60m': np.float64(1.963207737738859)}",E. Australia Standard Time
109,37,BLK,2024-09-10 00:35:29.874,862.33,862.33,1.111,1971-01-01 00:00:00.000,,0.0,0.0,1,cancelled,1.005,0.97,1.006,0.15,0.0,FA1970AA42FB04A000,,,,,1h,"{'mv': np.float64(-8.707114014991568), 'mv_2m': np.float64(0.33161095187859146), 'mv_5m': np.float64(-0.357818361335549), 'mv_30m': np.float64(1.6787007279106314), 'mv_60m': np.float64(3.4226618294801225)}",E. Australia Standard Time
110,38,AMD,2024-09-10 00:35:36.945,132.61,1326.1,1.111,1971-01-01 00:00:00.000,,0.0,0.0,10,cancelled,1.005,0.97,1.006,0.15,0.0,FA1970AA49E2BB2000,,,,,1h,"{'mv': np.float64(-8.721627838501423), 'mv_2m': np.float64(0.3170971283687374), 'mv_5m': np.float64(-0.11521030098624596), 'mv_30m': np.float64(1.4927551682644147), 'mv_60m': np.float64(3.8664657521997103)}",E. Australia Standard Time
111,39,MSCI,2024-09-10 00:35:48.958,559.13,1118.26,1.111,1971-01-01 00:00:00.000,,0.0,0.0,2,cancelled,1.005,0.97,1.006,0.15,0.0,FA1970AA559BC4A000,,,,,1h,"{'mv': np.float64(-8.457038353594626), 'mv_2m': np.float64(0.5816866132755338), 'mv_5m': np.float64(0.5082355931392613), 'mv_30m': np.float64(-0.3635400365892716), 'mv_60m': np.float64(2.0909913068055896)}",E. Australia Standard Time
112,40,OXY,2024-09-10 00:35:55.702,51.86,1400.22,1.111,1971-01-01 00:00:00.000,,0.0,0.0,27,cancelled,1.005,0.97,1.006,0.15,0.0,FA1970AA5C34C4A000,,,,,1h,"{'mv': np.float64(-8.706433517455359), 'mv_2m': np.float64(0.33229144941480104), 'mv_5m': np.float64(-0.0534875259092793), 'mv_30m': np.float64(-0.9792168093765818), 'mv_60m': np.float64(5.644036990103429)}",E. Australia Standard Time
113,41,USB,2024-09-10 00:36:06.010,44.42,1421.44,1.111,1971-01-01 00:00:00.000,,0.0,0.0,32,cancelled,1.005,0.97,1.006,0.15,0.0,FA1970AA66443B2000,,,,,1h,"{'mv': np.float64(-8.427222229987564), 'mv_2m': np.float64(0.6115027368825965), 'mv_5m': np.float64(0.1786063145403194), 'mv_30m': np.float64(-2.2317291945637807), 'mv_60m': np.float64(7.1320953189112135)}",E. Australia Standard Time
114,42,QCOM,2024-09-10 00:36:20.568,157.41,1416.69,1.111,1971-01-01 00:00:00.000,,0.0,0.0,9,cancelled,1.005,0.97,1.006,0.15,0.0,FA1970AA747D44A000,,,,,1h,"{'mv': np.float64(-8.640361736355619), 'mv_2m': np.float64(0.39836323051454237), 'mv_5m': np.float64(-0.6051571261525446), 'mv_30m': np.float64(-3.9556062397697156), 'mv_60m': np.float64(5.3557914886041)}",E. Australia Standard Time
115,43,CVX,2024-09-10 00:36:26.959,138.45,1384.5,1.111,1971-01-01 00:00:00.000,,0.0,0.0,10,cancelled,1.005,0.97,1.006,0.15,0.0,FA1970AA7AB884A000,,,,,1h,"{'mv': np.float64(-8.661675256282354), 'mv_2m': np.float64(0.3770497105878068), 'mv_5m': np.float64(-0.4459868558728264), 'mv_30m': np.float64(-3.6540971945882017), 'mv_60m': np.float64(5.813372274295836)}",E. Australia Standard Time
116,44,AXP,2024-09-10 00:36:34.962,243.46,1217.3,1.111,1971-01-01 00:00:00.000,,0.0,0.0,5,cancelled,1.005,0.97,1.006,0.15,0.0,FA1970AA828884A000,,,,,1h,"{'mv': np.float64(-8.769392657392908), 'mv_2m': np.float64(0.26933230947725484), 'mv_5m': np.float64(-0.720560891533184), 'mv_30m': np.float64(-4.361653677357413), 'mv_60m': np.float64(5.8526464069310835)}",E. Australia Standard Time
117,45,MPC,2024-09-10 00:36:43.526,165.25,1322.0,1.111,1971-01-01 00:00:00.000,,0.0,0.0,8,cancelled,1.005,0.97,1.006,0.15,0.0,FA1970AA8AE7FB2000,,,,,1h,"{'mv': np.float64(-8.907861754023044), 'mv_2m': np.float64(0.130863212847121), 'mv_5m': np.float64(-0.7575474733930276), 'mv_30m': np.float64(-5.092604302545634), 'mv_60m': np.float64(6.849616072838316)}",E. Australia Standard Time
118,46,FTNT,2024-09-10 00:36:50.008,74.8,1421.2,1.111,1971-01-01 00:00:00.000,,0.0,0.0,19,cancelled,1.005,0.97,1.006,0.15,0.0,FA1970AA913A7B2000,,,,,1h,"{'mv': np.float64(-8.9609697143117), 'mv_2m': np.float64(0.0777552525584646), 'mv_5m': np.float64(-0.8040366066318638), 'mv_30m': np.float64(-4.978403428244582), 'mv_60m': np.float64(6.724649506417357)}",E. Australia Standard Time
119,47,JPM,2024-09-10 00:37:01.296,211.99,1271.94,1.111,1971-01-01 00:00:00.000,,0.0,0.0,6,cancelled,1.005,0.97,1.006,0.15,0.0,FA1970AA9C5ABB2000,,,,,1h,"{'mv': np.float64(-9.088695795588968), 'mv_2m': np.float64(-0.04997082871880387), 'mv_5m': np.float64(-1.2487001918630725), 'mv_30m': np.float64(-6.741696649942486), 'mv_60m': np.float64(5.8746849607993035)}",E. Australia Standard Time
120,48,CSCO,2024-09-10 00:37:09.383,48.25,1399.25,1.111,1971-01-01 00:00:00.000,,0.0,0.0,29,cancelled,1.005,0.97,1.006,0.15,0.0,FA1970AAA42684A000,,,,,1h,"{'mv': np.float64(-9.118784944985652), 'mv_2m': np.float64(-0.0800599781154876), 'mv_5m': np.float64(-1.339965763455031), 'mv_30m': np.float64(-7.033951983149311), 'mv_60m': np.float64(5.9801222579768165)}",E. Australia Standard Time
121,49,MCHP,2024-09-10 00:37:17.217,73.82,1402.58,1.111,1971-01-01 00:00:00.000,,0.0,0.0,19,cancelled,1.005,0.97,1.006,0.15,0.0,FA1970AAABCC04A000,,,,,1h,"{'mv': np.float64(-9.238789048350286), 'mv_2m': np.float64(-0.20006408148012245), 'mv_5m': np.float64(-1.856907034060984), 'mv_30m': np.float64(-10.05823730262616), 'mv_60m': np.float64(2.9885713229937716)}",E. Australia Standard Time
122,0,WFC,2024-09-10 01:09:57.421,53.76,1397.76,1.111,1971-01-01 00:00:00.000,,0.0,0.0,26,cancelled,1.005,0.97,1.006,0.15,0.0,FA1970B2260F04A000,,,,,1h,"{'mv': np.float64(0.7933158959856366), 'mv_2m': np.float64(0.028504511978399982), 'mv_5m': np.float64(0.22052657760098793), 'mv_30m': np.float64(-0.7060096999139676), 'mv_60m': np.float64(-0.09977560917802109)}",E. Australia Standard Time
123,1,TXN,2024-09-10 01:10:04.327,197.06,1379.42,1.111,1971-01-01 00:00:00.000,,0.0,0.0,7,cancelled,1.005,0.97,1.006,0.15,0.0,FA1970B22CC984A000,,,,,1h,"{'mv': np.float64(0.7483620108029507), 'mv_2m': np.float64(-0.016449373204285855), 'mv_5m': np.float64(0.2704096728783911), 'mv_30m': np.float64(-0.9642448858760977), 'mv_60m': np.float64(-0.9159312154901844)}",E. Australia Standard Time
124,2,KO,2024-09-10 01:10:12.207,71.01,1420.2,1.111,1971-01-01 00:00:00.000,,0.0,0.0,20,cancelled,1.005,0.97,1.006,0.15,0.0,FA1970B23479BB2000,,,,,1h,"{'mv': np.float64(0.7824643696748854), 'mv_2m': np.float64(0.017652985667648835), 'mv_5m': np.float64(0.2741207830533332), 'mv_30m': np.float64(-0.9943784825936275), 'mv_60m': np.float64(-0.5265476969212202)}",E. Australia Standard Time
125,3,PYPL,2024-09-10 01:10:19.483,68.81,1376.2,1.111,1971-01-01 00:00:00.000,,0.0,0.0,20,cancelled,1.005,0.97,1.006,0.15,0.0,FA1970B23B94C4A000,,,,,1h,"{'mv': np.float64(0.8157102188018914), 'mv_2m': np.float64(0.050898834794654846), 'mv_5m': np.float64(0.41766176777904285), 'mv_30m': np.float64(-1.9593180957321543), 'mv_60m': np.float64(-1.537747343254603)}",E. Australia Standard Time
126,4,ADM,2024-09-10 01:10:26.448,59.37,1424.88,1.111,1971-01-01 00:00:00.000,,0.0,0.0,24,cancelled,1.005,0.97,1.006,0.15,0.0,FA1970B24263BB2000,,,,,1h,"{'mv': np.float64(0.7609303629446238), 'mv_2m': np.float64(-0.0038810210626127883), 'mv_5m': np.float64(0.45410453204886014), 'mv_30m': np.float64(-2.243978748111397), 'mv_60m': np.float64(-1.6605201422557947)}",E. Australia Standard Time
127,5,FDX,2024-09-10 01:10:32.993,282.82,1414.1,1.111,1971-01-01 00:00:00.000,,0.0,0.0,5,cancelled,1.005,0.97,1.006,0.15,0.0,FA1970B248CA3B2000,,,,,1h,"{'mv': np.float64(0.7854689902005116), 'mv_2m': np.float64(0.020657606193275058), 'mv_5m': np.float64(0.4786451323421037), 'mv_30m': np.float64(-2.4018602028879066), 'mv_60m': np.float64(-1.5233635135501578)}",E. Australia Standard Time
128,6,PGR,2024-09-10 01:10:39.561,248.32,1241.6,1.111,1971-01-01 00:00:00.000,,0.0,0.0,5,cancelled,1.005,0.97,1.006,0.15,0.0,FA1970B24F3644A000,,,,,1h,"{'mv': np.float64(0.7495092921327116), 'mv_2m': np.float64(-0.015302091874525026), 'mv_5m': np.float64(0.3727635256042028), 'mv_30m': np.float64(-2.221715901289212), 'mv_60m': np.float64(-1.3148697125085596)}",E. Australia Standard Time
129,7,JCI,2024-09-10 01:10:46.458,67.88,1425.48,1.111,1971-01-01 00:00:00.000,,0.0,0.0,21,cancelled,1.005,0.97,1.006,0.15,0.0,FA1970B255EE84A000,,,,,1h,"{'mv': np.float64(0.7426906256544195), 'mv_2m': np.float64(-0.022120758352817127), 'mv_5m': np.float64(0.42387783947044344), 'mv_30m': np.float64(-2.229492326069926), 'mv_60m': np.float64(-1.7982988161658442)}",E. Australia Standard Time
130,8,TEL,2024-09-10 01:10:56.685,143.24,1432.4,1.111,1971-01-01 00:00:00.000,,0.0,0.0,10,cancelled,1.005,0.97,1.006,0.15,0.0,FA1970B25FEB3B2000,,,,,1h,"{'mv': np.float64(0.694400254293349), 'mv_2m': np.float64(-0.07041112971388763), 'mv_5m': np.float64(0.4100814820944043), 'mv_30m': np.float64(-2.1320249319598528), 'mv_60m': np.float64(-1.9768906738157455)}",E. Australia Standard Time
131,9,WM,2024-09-10 01:11:03.062,204.79,1433.53,1.111,1971-01-01 00:00:00.000,,0.0,0.0,7,cancelled,1.005,0.97,1.006,0.15,0.0,FA1970B2662784A000,,,,,1h,"{'mv': np.float64(0.6558748619964092), 'mv_2m': np.float64(-0.10893652201082737), 'mv_5m': np.float64(0.3835421947290474), 'mv_30m': np.float64(-1.717766051161762), 'mv_60m': np.float64(-1.6267795615836356)}",E. Australia Standard Time
132,10,BLK,2024-09-10 01:11:16.098,862.33,862.33,1.111,1971-01-01 00:00:00.000,,0.0,0.0,1,cancelled,1.005,0.97,1.006,0.15,0.0,FA1970B272DEBB2000,,,,,1h,"{'mv': np.float64(0.6059162667911409), 'mv_2m': np.float64(-0.15889511721609573), 'mv_5m': np.float64(0.7980851045928494), 'mv_30m': np.float64(-3.785474378158593), 'mv_60m': np.float64(-3.695564569613241)}",E. Australia Standard Time
133,11,AMD,2024-09-10 01:11:23.510,132.61,1326.1,1.111,1971-01-01 00:00:00.000,,0.0,0.0,10,cancelled,1.005,0.97,1.006,0.15,0.0,FA1970B27A1CC4A000,,,,,1h,"{'mv': np.float64(0.4539090622129436), 'mv_2m': np.float64(-0.310902321794293), 'mv_5m': np.float64(0.4496873707843241), 'mv_30m': np.float64(-3.988328848436451), 'mv_60m': np.float64(-4.727124629206858)}",E. Australia Standard Time
134,12,MSCI,2024-09-10 01:11:35.469,559.13,1118.26,1.111,1971-01-01 00:00:00.000,,0.0,0.0,2,cancelled,1.005,0.97,1.006,0.15,0.0,FA1970B285C77B2000,,,,,1h,"{'mv': np.float64(0.4524603132482605), 'mv_2m': np.float64(-0.31235107075897606), 'mv_5m': np.float64(0.5679836357362689), 'mv_30m': np.float64(-4.851545138599889), 'mv_60m': np.float64(-8.435833580608733)}",E. Australia Standard Time
135,13,OXY,2024-09-10 01:11:42.450,51.86,1400.22,1.111,1971-01-01 00:00:00.000,,0.0,0.0,27,cancelled,1.005,0.97,1.006,0.15,0.0,FA1970B28C9C3B2000,,,,,1h,"{'mv': np.float64(-0.07475518304476036), 'mv_2m': np.float64(-0.839566567051997), 'mv_5m': np.float64(0.04770848056283583), 'mv_30m': np.float64(-4.679089119349356), 'mv_60m': np.float64(-10.210404729724965)}",E. Australia Standard Time
136,14,USB,2024-09-10 01:11:52.805,44.42,1421.44,1.111,1971-01-01 00:00:00.000,,0.0,0.0,32,cancelled,1.005,0.97,1.006,0.15,0.0,FA1970B296B8BB2000,,,,,1h,"{'mv': np.float64(-0.06251252427611398), 'mv_2m': np.float64(-0.7403821846531988), 'mv_5m': np.float64(0.6816060792590006), 'mv_30m': np.float64(-4.405121092185826), 'mv_60m': np.float64(-11.137234890375614)}",E. Australia Standard Time
137,15,CVX,2024-09-10 01:12:08.059,138.45,1384.5,1.111,1971-01-01 00:00:00.000,,0.0,0.0,10,cancelled,1.005,0.97,1.006,0.15,0.0,FA1970B2A59EC4A000,,,,,1h,"{'mv': np.float64(-0.37997091600068167), 'mv_2m': np.float64(-1.0185137571894431), 'mv_5m': np.float64(0.24467592994683596), 'mv_30m': np.float64(-5.978461048622252), 'mv_60m': np.float64(-13.817603420619129)}",E. Australia Standard Time
138,16,AXP,2024-09-10 01:12:16.508,243.46,1217.3,1.111,1971-01-01 00:00:00.000,,0.0,0.0,5,cancelled,1.005,0.97,1.006,0.15,0.0,FA1970B2ADDC84A000,,,,,1h,"{'mv': np.float64(-0.40560244307816706), 'mv_2m': np.float64(-1.0441452842669285), 'mv_5m': np.float64(0.46818261792960225), 'mv_30m': np.float64(-5.78939124760256), 'mv_60m': np.float64(-13.972607460404628)}",E. Australia Standard Time
139,17,FTNT,2024-09-10 01:12:25.664,74.8,1421.2,1.111,1971-01-01 00:00:00.000,,0.0,0.0,19,cancelled,1.005,0.97,1.006,0.15,0.0,FA1970B2B6CCFB2000,,,,,1h,"{'mv': np.float64(-0.3624794774540465), 'mv_2m': np.float64(-1.001022318642808), 'mv_5m': np.float64(0.24954356222328666), 'mv_30m': np.float64(-5.995766598656749), 'mv_60m': np.float64(-15.890891506362117)}",E. Australia Standard Time
140,18,JPM,2024-09-10 01:12:36.734,211.99,1271.94,1.111,1971-01-01 00:00:00.000,,0.0,0.0,6,cancelled,1.005,0.97,1.006,0.15,0.0,FA1970B2C19CC4A000,,,,,1h,"{'mv': np.float64(-0.3561030026692382), 'mv_2m': np.float64(-0.9946458438579997), 'mv_5m': np.float64(0.2616577792282859), 'mv_30m': np.float64(-7.063285310388134), 'mv_60m': np.float64(-18.701894613829875)}",E. Australia Standard Time
141,19,CSCO,2024-09-10 01:12:43.644,48.25,1399.25,1.111,1971-01-01 00:00:00.000,,0.0,0.0,29,cancelled,1.005,0.97,1.006,0.15,0.0,FA1970B2C85BFB2000,,,,,1h,"{'mv': np.float64(-0.4451024645976789), 'mv_2m': np.float64(-1.0836453057864404), 'mv_5m': np.float64(0.1870316802244032), 'mv_30m': np.float64(-6.812577079325055), 'mv_60m': np.float64(-19.0353058041707)}",E. Australia Standard Time
142,20,MCHP,2024-09-10 01:12:51.411,73.82,1402.58,1.111,1971-01-01 00:00:00.000,,0.0,0.0,19,cancelled,1.005,0.97,1.006,0.15,0.0,FA1970B2CFF204A000,,,,,1h,"{'mv': np.float64(-0.6057838469472046), 'mv_2m': np.float64(-1.244326688135966), 'mv_5m': np.float64(-0.5591418701532902), 'mv_30m': np.float64(-7.805744581977803), 'mv_60m': np.float64(-23.834437290265047)}",E. Australia Standard Time
143,0,WFC,2024-09-10 01:30:03.918,53.76,1397.76,1.111,1971-01-01 00:00:00.000,,0.0,0.0,26,cancelled,1.005,0.97,1.006,0.15,0.0,FA1970B6C03F44A000,,,,,1h,"{'mv': np.float64(0.9229526543546704), 'mv_2m': np.float64(-0.103042234189199), 'mv_5m': np.float64(0.2147655547891425), 'mv_30m': np.float64(0.13355341683749522), 'mv_60m': np.float64(-0.873295214290648)}",E. Australia Standard Time
144,1,CSX,2024-09-10 01:30:10.624,33.39,1435.77,1.111,1971-01-01 00:00:00.000,,0.0,0.0,43,cancelled,1.005,0.97,1.006,0.15,0.0,FA1970B6C6CABB2000,,,,,1h,"{'mv': np.float64(0.9824778289735834), 'mv_2m': np.float64(-0.043517059570286065), 'mv_5m': np.float64(0.36367950446645203), 'mv_30m': np.float64(0.38562646084787655), 'mv_60m': np.float64(-0.5646454556730962)}",E. Australia Standard Time
145,2,TXN,2024-09-10 01:30:17.109,197.06,1379.42,1.111,1971-01-01 00:00:00.000,,0.0,0.0,7,cancelled,1.005,0.97,1.006,0.15,0.0,FA1970B6CD1F84A000,,,,,1h,"{'mv': np.float64(1.0325458482841174), 'mv_2m': np.float64(0.006550959740247997), 'mv_5m': np.float64(0.4813889044321895), 'mv_30m': np.float64(0.20967297957437125), 'mv_60m': np.float64(-1.1063114858874679)}",E. Australia Standard Time
146,3,KO,2024-09-10 01:30:24.922,71.01,1420.2,1.111,1971-01-01 00:00:00.000,,0.0,0.0,20,cancelled,1.005,0.97,1.006,0.15,0.0,FA1970B6D4C27B2000,,,,,1h,"{'mv': np.float64(1.0735855098097167), 'mv_2m': np.float64(0.04759062126584723), 'mv_5m': np.float64(0.6955822582266125), 'mv_30m': np.float64(0.0009522115441695789), 'mv_60m': np.float64(-0.4040705510603315)}",E. Australia Standard Time
147,4,PYPL,2024-09-10 01:30:32.326,68.81,1376.2,1.111,1971-01-01 00:00:00.000,,0.0,0.0,20,cancelled,1.005,0.97,1.006,0.15,0.0,FA1970B6DBFA3B2000,,,,,1h,"{'mv': np.float64(1.2722561663878205), 'mv_2m': np.float64(0.24626127784395102), 'mv_5m': np.float64(0.9187841349169057), 'mv_30m': np.float64(-0.10612722004661457), 'mv_60m': np.float64(-1.787346040016602)}",E. Australia Standard Time
148,5,FDX,2024-09-10 01:30:39.636,282.82,1414.1,1.111,1971-01-01 00:00:00.000,,0.0,0.0,5,cancelled,1.005,0.97,1.006,0.15,0.0,FA1970B6E32344A000,,,,,1h,"{'mv': np.float64(1.2943028677708144), 'mv_2m': np.float64(0.26830797922694494), 'mv_5m': np.float64(1.2696749408005914), 'mv_30m': np.float64(-0.13740665570349808), 'mv_60m': np.float64(-1.8068275883810436)}",E. Australia Standard Time
149,6,JCI,2024-09-10 01:30:46.901,67.88,1425.48,1.111,1971-01-01 00:00:00.000,,0.0,0.0,21,cancelled,1.005,0.97,1.006,0.15,0.0,FA1970B6EA363B2000,,,,,1h,"{'mv': np.float64(1.3654819151656348), 'mv_2m': np.float64(0.33948702662176533), 'mv_5m': np.float64(1.5511618880070577), 'mv_30m': np.float64(-0.2743064228175829), 'mv_60m': np.float64(-1.6904065264169432)}",E. Australia Standard Time
150,7,TEL,2024-09-10 01:30:57.023,143.24,1432.4,1.111,1971-01-01 00:00:00.000,,0.0,0.0,10,cancelled,1.005,0.97,1.006,0.15,0.0,FA1970B6F419C4A000,,,,,1h,"{'mv': np.float64(1.3723723023601595), 'mv_2m': np.float64(0.34637741381629006), 'mv_5m': np.float64(1.6684800813769662), 'mv_30m': np.float64(-0.1664620102947545), 'mv_60m': np.float64(-1.8224136051371742)}",E. Australia Standard Time
151,8,WM,2024-09-10 01:31:03.552,204.79,1433.53,1.111,1971-01-01 00:00:00.000,,0.0,0.0,7,cancelled,1.005,0.97,1.006,0.15,0.0,FA1970B6FA7844A000,,,,,1h,"{'mv': np.float64(1.4686681981140213), 'mv_2m': np.float64(0.44267330957015183), 'mv_5m': np.float64(1.7741807386722153), 'mv_30m': np.float64(-0.013320086500190342), 'mv_60m': np.float64(-1.2533914028567406)}",E. Australia Standard Time
152,9,AMD,2024-09-10 01:31:17.489,132.61,1326.1,1.111,1971-01-01 00:00:00.000,,0.0,0.0,10,cancelled,1.005,0.97,1.006,0.15,0.0,FA1970B708163B2000,,,,,1h,"{'mv': np.float64(1.5976043770642443), 'mv_2m': np.float64(0.5716094885203749), 'mv_5m': np.float64(3.1781050867700777), 'mv_30m': np.float64(-1.4482447886145389), 'mv_60m': np.float64(-4.95799470433036)}",E. Australia Standard Time
153,10,MSCI,2024-09-10 01:31:29.404,559.13,1118.26,1.111,1971-01-01 00:00:00.000,,0.0,0.0,2,cancelled,1.005,0.97,1.006,0.15,0.0,FA1970B713B984A000,,,,,1h,"{'mv': np.float64(1.7194057332643018), 'mv_2m': np.float64(0.6934108447204324), 'mv_5m': np.float64(4.031698821291574), 'mv_30m': np.float64(-0.5151541848982699), 'mv_60m': np.float64(-4.917739642131669)}",E. Australia Standard Time
154,11,USB,2024-09-10 01:31:40.606,44.42,1421.44,1.111,1971-01-01 00:00:00.000,,0.0,0.0,32,cancelled,1.005,0.97,1.006,0.15,0.0,FA1970B71EA944A000,,,,,1h,"{'mv': np.float64(1.6135253510120693), 'mv_2m': np.float64(0.5875304624681998), 'mv_5m': np.float64(4.719866278082474), 'mv_30m': np.float64(-1.5779582989297491), 'mv_60m': np.float64(-7.016509610457566)}",E. Australia Standard Time
155,12,CVX,2024-09-10 01:31:55.945,138.45,1384.5,1.111,1971-01-01 00:00:00.000,,0.0,0.0,10,cancelled,1.005,0.97,1.006,0.15,0.0,FA1970B72DA384A000,,,,,1h,"{'mv': np.float64(1.9050510488676462), 'mv_2m': np.float64(0.8790561603237768), 'mv_5m': np.float64(5.498356669306292), 'mv_30m': np.float64(-1.2384110990366626), 'mv_60m': np.float64(-8.025926454380336)}",E. Australia Standard Time
156,13,SO,2024-09-10 01:32:02.450,88.42,1414.72,1.111,1971-01-01 00:00:00.000,,0.0,0.0,16,cancelled,1.005,0.97,1.006,0.15,0.0,FA1970B7340BBB2000,,,,,1h,"{'mv': np.float64(1.9442710773314618), 'mv_2m': np.float64(0.9182761887875923), 'mv_5m': np.float64(5.604875316276359), 'mv_30m': np.float64(-1.1674399464052687), 'mv_60m': np.float64(-7.481667700428815)}",E. Australia Standard Time
157,14,NEE,2024-09-10 01:32:09.637,79.9,1438.2,1.111,1971-01-01 00:00:00.000,,0.0,0.0,18,cancelled,1.005,0.97,1.006,0.15,0.0,FA1970B73B0404A000,,,,,1h,"{'mv': np.float64(1.9691518069358436), 'mv_2m': np.float64(0.9431569183919741), 'mv_5m': np.float64(5.74185717923219), 'mv_30m': np.float64(-0.9936561905544927), 'mv_60m': np.float64(-7.037606190102183)}",E. Australia Standard Time
158,15,AXP,2024-09-10 01:32:17.053,243.46,1217.3,1.111,1971-01-01 00:00:00.000,,0.0,0.0,5,cancelled,1.005,0.97,1.006,0.15,0.0,FA1970B74241FB2000,,,,,1h,"{'mv': np.float64(2.216193882731355), 'mv_2m': np.float64(1.1901989941874858), 'mv_5m': np.float64(6.368734058618619), 'mv_30m': np.float64(0.33488483448083084), 'mv_60m': np.float64(-6.500544146708662)}",E. Australia Standard Time
159,16,MO,2024-09-10 01:32:24.400,53.67,1395.42,1.111,1971-01-01 00:00:00.000,,0.0,0.0,26,cancelled,1.005,0.97,1.006,0.15,0.0,FA1970B7497144A000,,,,,1h,"{'mv': np.float64(2.3585045547245507), 'mv_2m': np.float64(1.3325096661806812), 'mv_5m': np.float64(6.651796639619034), 'mv_30m': np.float64(0.6164041157032951), 'mv_60m': np.float64(-5.608518222177225)}",E. Australia Standard Time
160,17,JPM,2024-09-10 01:32:37.716,211.99,1271.94,1.111,1971-01-01 00:00:00.000,,0.0,0.0,6,cancelled,1.005,0.97,1.006,0.15,0.0,FA1970B7566F84A000,,,,,1h,"{'mv': np.float64(2.61114656567878), 'mv_2m': np.float64(1.5851516771349106), 'mv_5m': np.float64(7.147603081679388), 'mv_30m': np.float64(1.1609748963798738), 'mv_60m': np.float64(-6.298104883774622)}",E. Australia Standard Time
161,18,CSCO,2024-09-10 01:32:44.816,48.25,1399.25,1.111,1971-01-01 00:00:00.000,,0.0,0.0,29,cancelled,1.005,0.97,1.006,0.15,0.0,FA1970B75D5D7B2000,,,,,1h,"{'mv': np.float64(2.7383205292452537), 'mv_2m': np.float64(1.7123256407013843), 'mv_5m': np.float64(7.448529666045434), 'mv_30m': np.float64(1.3555559349812896), 'mv_60m': np.float64(-5.842126370210685)}",E. Australia Standard Time
162,19,MCHP,2024-09-10 01:32:52.870,73.82,1402.58,1.111,1971-01-01 00:00:00.000,,0.0,0.0,19,cancelled,1.005,0.97,1.006,0.15,0.0,FA1970B7653C3B2000,,,,,1h,"{'mv': np.float64(2.917564789391381), 'mv_2m': np.float64(1.8915699008475118), 'mv_5m': np.float64(8.09498113238105), 'mv_30m': np.float64(1.3649746539022178), 'mv_60m': np.float64(-7.9741283875828435)}",E. Australia Standard Time
163,20,ADM,2024-09-10 01:33:48.282,59.37,1424.88,1.111,1971-01-01 00:00:00.000,,0.0,0.0,24,cancelled,1.005,0.97,1.006,0.15,0.0,FA1970B79B5784A000,,,,,1h,"{'mv': np.float64(3.3544168261232974), 'mv_2m': np.float64(0.4368520367319162), 'mv_5m': np.float64(1.6459550702275338), 'mv_30m': np.float64(1.3488757262984041), 'mv_60m': np.float64(-0.08123004393278954)}",E. Australia Standard Time
164,21,WFC,2024-09-10 01:36:04.788,53.76,1397.76,1.111,1971-01-01 00:00:00.000,,0.0,0.0,26,cancelled,1.005,0.97,1.006,0.15,0.0,FA1970B820A63B2000,,,,,1h,"{'mv': np.float64(4.846901133698967), 'mv_2m': np.float64(0.06365228537643652), 'mv_5m': np.float64(0.27247006156685405), 'mv_30m': np.float64(0.573611298119503), 'mv_60m': np.float64(-0.11566327321883563)}",E. Australia Standard Time
165,22,CSX,2024-09-10 01:36:11.361,33.39,1435.77,1.111,1971-01-01 00:00:00.000,,0.0,0.0,43,cancelled,1.005,0.97,1.006,0.15,0.0,FA1970B8271444A000,,,,,1h,"{'mv': np.float64(4.8320413259538295), 'mv_2m': np.float64(0.04879247763129868), 'mv_5m': np.float64(0.27246785141654684), 'mv_30m': np.float64(0.9294399329390801), 'mv_60m': np.float64(0.24093624496805965)}",E. Australia Standard Time
166,23,TXN,2024-09-10 01:36:17.821,197.06,1379.42,1.111,1971-01-01 00:00:00.000,,0.0,0.0,7,cancelled,1.005,0.97,1.006,0.15,0.0,FA1970B82D5FC4A000,,,,,1h,"{'mv': np.float64(4.7520994488673205), 'mv_2m': np.float64(-0.031149399455210336), 'mv_5m': np.float64(0.3424057466351549), 'mv_30m': np.float64(0.9485428183096056), 'mv_60m': np.float64(-0.045616781999258116)}",E. Australia Standard Time
167,24,KO,2024-09-10 01:36:25.664,71.01,1420.2,1.111,1971-01-01 00:00:00.000,,0.0,0.0,20,cancelled,1.005,0.97,1.006,0.15,0.0,FA1970B8350A7B2000,,,,,1h,"{'mv': np.float64(4.606010492523605), 'mv_2m': np.float64(-0.17723835579892544), 'mv_5m': np.float64(0.3308401034249675), 'mv_30m': np.float64(1.1737618246056902), 'mv_60m': np.float64(0.817552249134712)}",E. Australia Standard Time
168,25,PYPL,2024-09-10 01:36:33.204,68.81,1376.2,1.111,1971-01-01 00:00:00.000,,0.0,0.0,20,cancelled,1.005,0.97,1.006,0.15,0.0,FA1970B83C677B2000,,,,,1h,"{'mv': np.float64(4.555921446886347), 'mv_2m': np.float64(-0.22732740143618368), 'mv_5m': np.float64(0.1873550499113641), 'mv_30m': np.float64(1.4171582885524447), 'mv_60m': np.float64(-0.2735797363421666)}",E. Australia Standard Time
169,26,FDX,2024-09-10 01:36:44.620,282.82,1414.1,1.111,1971-01-01 00:00:00.000,,0.0,0.0,5,cancelled,1.005,0.97,1.006,0.15,0.0,FA1970B8479344A000,,,,,1h,"{'mv': np.float64(4.560462474251904), 'mv_2m': np.float64(-0.22278637407062707), 'mv_5m': np.float64(0.31718051248241785), 'mv_30m': np.float64(1.7537992608718023), 'mv_60m': np.float64(-0.4015217323168896)}",E. Australia Standard Time
170,27,JCI,2024-09-10 01:36:52.631,67.88,1425.48,1.111,1971-01-01 00:00:00.000,,0.0,0.0,21,cancelled,1.005,0.97,1.006,0.15,0.0,FA1970B84F6004A000,,,,,1h,"{'mv': np.float64(4.560774220465148), 'mv_2m': np.float64(-0.22247462785738303), 'mv_5m': np.float64(0.22300664027505857), 'mv_30m': np.float64(2.076141597372172), 'mv_60m': np.float64(0.0982500745667636)}",E. Australia Standard Time
171,28,TEL,2024-09-10 01:37:03.490,143.24,1432.4,1.111,1971-01-01 00:00:00.000,,0.0,0.0,10,cancelled,1.005,0.97,1.006,0.15,0.0,FA1970B859F87B2000,,,,,1h,"{'mv': np.float64(4.560774220465148), 'mv_2m': np.float64(-0.22247462785738303), 'mv_5m': np.float64(0.19866376147372744), 'mv_30m': np.float64(2.29074718652027), 'mv_60m': np.float64(0.0689396051531066)}",E. Australia Standard Time
172,29,WM,2024-09-10 01:37:10.202,204.79,1433.53,1.111,1971-01-01 00:00:00.000,,0.0,0.0,7,cancelled,1.005,0.97,1.006,0.15,0.0,FA1970B8608704A000,,,,,1h,"{'mv': np.float64(4.546362123334947), 'mv_2m': np.float64(-0.2368867249875839), 'mv_5m': np.float64(0.2010678141655564), 'mv_30m': np.float64(2.354769951502922), 'mv_60m': np.float64(0.5871436620572545)}",E. Australia Standard Time
173,30,AMD,2024-09-10 01:37:24.664,132.61,1326.1,1.111,1971-01-01 00:00:00.000,,0.0,0.0,10,cancelled,1.005,0.97,1.006,0.15,0.0,FA1970B86EA744A000,,,,,1h,"{'mv': np.float64(5.121217630963716), 'mv_2m': np.float64(0.3390071616353296), 'mv_5m': np.float64(1.4080514963491941), 'mv_30m': np.float64(3.9321500903193973), 'mv_60m': np.float64(0.08968016766697229)}",E. Australia Standard Time
174,31,USB,2024-09-10 01:37:42.159,44.42,1643.54,1.111,1971-01-01 00:00:00.000,,0.0,0.0,37,cancelled,1.005,0.97,1.006,0.15,0.0,FA1970B87FBD84A000,,,,,1h,"{'mv': np.float64(5.50294640947866), 'mv_2m': np.float64(0.7207359401502744), 'mv_5m': np.float64(2.130750468509901), 'mv_30m': np.float64(4.903334473174681), 'mv_60m': np.float64(0.17240150533730514)}",E. Australia Standard Time
175,32,CVX,2024-09-10 01:37:57.709,138.45,2076.75,1.111,1971-01-01 00:00:00.000,,0.0,0.0,15,cancelled,1.005,0.97,1.006,0.15,0.0,FA1970B88EEB44A000,,,,,1h,"{'mv': np.float64(5.544200884905971), 'mv_2m': np.float64(0.7619904155775847), 'mv_5m': np.float64(2.1485893933849365), 'mv_30m': np.float64(5.4691940271449635), 'mv_60m': np.float64(-0.8817713325723009)}",E. Australia Standard Time
176,33,SO,2024-09-10 01:38:04.544,88.42,2122.08,1.111,1971-01-01 00:00:00.000,,0.0,0.0,24,cancelled,1.005,0.97,1.006,0.15,0.0,FA1970B89598C4A000,,,,,1h,"{'mv': np.float64(5.510581274720728), 'mv_2m': np.float64(0.7283708053923421), 'mv_5m': np.float64(2.07576199364925), 'mv_30m': np.float64(5.480281982713975), 'mv_60m': np.float64(-0.5017657694298183)}",E. Australia Standard Time
177,34,NEE,2024-09-10 01:38:11.203,79.9,2157.3,1.111,1971-01-01 00:00:00.000,,0.0,0.0,27,cancelled,1.005,0.97,1.006,0.15,0.0,FA1970B89C19C4A000,,,,,1h,"{'mv': np.float64(5.547883910855901), 'mv_2m': np.float64(0.7656734415275146), 'mv_5m': np.float64(2.0905531598985894), 'mv_30m': np.float64(5.557528627671604), 'mv_60m': np.float64(-0.374023432553372)}",E. Australia Standard Time
178,35,AXP,2024-09-10 01:38:18.820,243.46,2191.14,1.111,1971-01-01 00:00:00.000,,0.0,0.0,9,cancelled,1.005,0.97,1.006,0.15,0.0,FA1970B8A389C4A000,,,,,1h,"{'mv': np.float64(5.509081808407413), 'mv_2m': np.float64(0.7268713390790271), 'mv_5m': np.float64(2.3859704825154537), 'mv_30m': np.float64(6.564703882103662), 'mv_60m': np.float64(0.5659534342951522)}",E. Australia Standard Time
179,36,MO,2024-09-10 01:38:26.251,53.67,2200.47,1.111,1971-01-01 00:00:00.000,,0.0,0.0,41,cancelled,1.005,0.97,1.006,0.15,0.0,FA1970B8AACC84A000,,,,,1h,"{'mv': np.float64(5.4972254935784735), 'mv_2m': np.float64(0.7150150242500874), 'mv_5m': np.float64(2.336722682029868), 'mv_30m': np.float64(6.9071084067291455), 'mv_60m': np.float64(1.1652504971168876)}",E. Australia Standard Time
180,37,JPM,2024-09-10 01:38:39.604,211.99,2119.9,1.111,1971-01-01 00:00:00.000,,0.0,0.0,10,cancelled,1.005,0.97,1.006,0.15,0.0,FA1970B8B7D7BB2000,,,,,1h,"{'mv': np.float64(5.212620655166168), 'mv_2m': np.float64(0.4304101858377818), 'mv_5m': np.float64(2.1286602057776216), 'mv_30m': np.float64(7.325871321817545), 'mv_60m': np.float64(0.45125061183670656)}",E. Australia Standard Time
181,38,CSCO,2024-09-10 01:38:46.806,48.25,2171.25,1.111,1971-01-01 00:00:00.000,,0.0,0.0,45,cancelled,1.005,0.97,1.006,0.15,0.0,FA1970B8BEDEBB2000,,,,,1h,"{'mv': np.float64(5.200242649689436), 'mv_2m': np.float64(0.41803218036104983), 'mv_5m': np.float64(2.355322556556372), 'mv_30m': np.float64(7.543615331260312), 'mv_60m': np.float64(1.0560675846993606)}",E. Australia Standard Time
182,39,MCHP,2024-09-10 01:38:54.879,73.82,2140.78,1.111,1971-01-01 00:00:00.000,,0.0,0.0,29,cancelled,1.005,0.97,1.006,0.15,0.0,FA1970B8C6C2C4A000,,,,,1h,"{'mv': np.float64(4.947132315233228), 'mv_2m': np.float64(0.16492184590484182), 'mv_5m': np.float64(2.304146286813924), 'mv_30m': np.float64(7.690450858730746), 'mv_60m': np.float64(-0.14810057738186)}",E. Australia Standard Time
183,40,ADM,2024-09-10 01:39:50.244,59.37,2196.69,1.111,1971-01-01 00:00:00.000,,0.0,0.0,37,cancelled,1.005,0.97,1.006,0.15,0.0,FA1970B8FCD23B2000,,,,,1h,"{'mv': np.float64(4.866121057722995), 'mv_2m': np.float64(-0.08101125751023286), 'mv_5m': np.float64(0.2900891079629542), 'mv_30m': np.float64(1.885012199983871), 'mv_60m': np.float64(-0.14859498299466534)}",E. Australia Standard Time
184,0,JCI,2024-09-10 02:04:24.509,68.635,2196.32,0.1,2024-09-10 04:18:19.867,68.9608,2206.7456,0.17,32,completed,1.005,0.97,1.0065,0.15,10.15560000000003,FA1970BE9C82C4A000,,FA1970BF5A82C4A000,FA1970BF5AE0BB2000,FA1970C73E2104A000,1m,"{'mv': np.float64(-3.1132295211719443), 'mv_2m': np.float64(0.5834247005841009), 'mv_5m': np.float64(-0.8421107776714898), 'mv_30m': np.float64(-0.9756283020857737), 'mv_60m': np.float64(0.9744326198673603)}",E. Australia Standard Time
185,1,WM,2024-09-10 02:04:35.064,208.68,2086.8,,2024-09-11 00:29:32.457,209.32,2093.2,0.09999999999999999,10,completed,1.005,0.97,1.006,0.15,,FA1970BEA6D07B2000,,FA1970BF03377B2000,FA1970BF0395C4A000,FA1971E5156CBB2000,1m,"{'mv': np.float64(-3.096145358284218), 'mv_2m': np.float64(0.600508863471827), 'mv_5m': np.float64(-0.7579200910960981), 'mv_30m': np.float64(-0.6784542500593904), 'mv_60m': np.float64(1.7464416330441601)}",E. Australia Standard Time
186,3,SCHW,2024-09-10 02:04:56.578,63.17,2147.78,1.111,1971-01-01 00:00:00.000,,0.0,0.0,34,placed,1.005,0.97,1.006,0.15,0.0,FA1970BEBBD23B2000,,,,,1m,"{'mv': np.float64(-3.0411064086307773), 'mv_2m': np.float64(0.6555478131252679), 'mv_5m': np.float64(-0.7165502061187601), 'mv_30m': np.float64(2.8059301207655984), 'mv_60m': np.float64(5.7579033159437465)}",E. Australia Standard Time
187,5,USB,2024-09-10 02:05:11.988,45.26,2172.48,1.111,1971-01-01 00:00:00.000,,0.0,0.0,48,cancelled,1.005,0.97,1.006,0.15,0.0,FA1970BECADF7B2000,,,,,1m,"{'mv': np.float64(-2.7504537763970207), 'mv_2m': np.float64(0.9462004453590245), 'mv_5m': np.float64(-0.6101322633771833), 'mv_30m': np.float64(6.006286459636723), 'mv_60m': np.float64(10.838856553983334)}",E. Australia Standard Time
188,7,MO,2024-09-10 02:05:33.151,54.01,2160.4,1.111,1971-01-01 00:00:00.000,,0.0,0.0,40,placed,1.005,0.97,1.006,0.15,0.0,FA1970BEDF8904A000,,,,,1m,"{'mv': np.float64(-2.557037281553697), 'mv_2m': np.float64(1.1396169402023482), 'mv_5m': np.float64(-0.42172785639360555), 'mv_30m': np.float64(7.565942369581924), 'mv_60m': np.float64(14.592215682509897)}",E. Australia Standard Time
189,0,SNPS,2024-09-10 03:39:37.717,463.25,1853.0,0.01,2024-09-11 00:26:03.623,464.16,1856.64,0.07,4,completed,1.005,0.97,1.006,0.15,3.5600000000001,FA1970D467B984A000,,FA1970D50C2504A000,FA1970D50C7B7B2000,,1m,"{'mv': np.float64(2.464410641484039), 'mv_2m': np.float64(0.6937374392422369), 'mv_5m': np.float64(0.7715270893379644), 'mv_30m': np.float64(-3.1479333974769874), 'mv_60m': np.float64(-1.246845306935973)}",E. Australia Standard Time
190,2,WFC,2024-09-10 03:40:56.038,54.81,2192.4,1.111,1971-01-01 00:00:00.000,,0.0,0.0,40,placed,1.005,0.97,1.006,0.15,0.0,FA1970D4B43704A000,,,,,1m,"{'mv': np.float64(2.7927977041497973), 'mv_2m': np.float64(-0.00010613201109066495), 'mv_5m': np.float64(0.08218812198308445), 'mv_30m': np.float64(-0.572535802357721), 'mv_60m': np.float64(-0.38844107140247885)}",E. Australia Standard Time
191,0,UNH,2024-09-11 01:08:41.988,591.1,1773.3,1.111,1971-01-01 00:00:00.000,,0.0,0.0,3,cancelled,1.005,0.97,1.006,0.15,0.0,FA1971FB733844A000,,,,,1m,"mv :-2.46, mv_2m:1.94,mv_5m : 0.20, mv_30m : 9.03, mv_60m: 0.77",E. Australia Standard Time
192,1,MMC,2024-09-11 01:29:58.554,227.83,2050.47,1.111,1971-01-01 00:00:00.000,,0.0,0.0,9,cancelled,1.005,0.97,1.006,0.15,0.0,FA19720051DD7B2000,,,,,1m,"mv :5.46, mv_2m:0.09,mv_5m : 1.15, mv_30m : 6.04, mv_60m: 9.22",E. Australia Standard Time
193,2,MRNA,2024-09-11 01:39:02.323,73.5,2131.5,1.111,1971-01-01 00:00:00.000,,0.0,0.0,29,cancelled,1.005,0.97,1.006,0.15,0.0,FA19720264FEBB2000,,,,,1m,"mv :3.92, mv_2m:-1.27,mv_5m : -3.36, mv_30m : 0.88, mv_60m: 5.10",E. Australia Standard Time
194,3,HD,2024-09-11 01:43:10.491,362.82,2176.92,1.111,1971-01-01 00:00:00.000,,0.0,0.0,6,cancelled,1.005,0.97,1.006,0.15,0.0,FA197203573E7B2000,,,,,1m,"mv :2.83, mv_2m:0.04,mv_5m : -0.13, mv_30m : -0.98, mv_60m: -1.99",E. Australia Standard Time
195,4,NUE,2024-09-11 01:43:27.334,138.61,2079.15,1.111,1971-01-01 00:00:00.000,,0.0,0.0,15,cancelled,1.005,0.97,1.006,0.15,0.0,FA19720367AF84A000,,,,,1m,"mv :2.74, mv_2m:-0.05,mv_5m : -0.11, mv_30m : -1.32, mv_60m: 0.10",E. Australia Standard Time
196,5,MU,2024-09-11 01:44:16.189,85.4993,2137.4825,0.08,2024-09-11 03:32:19.306,85.6701,2141.7525,0.15,25,completed,1.005,0.97,1.006,0.15,4.039999999999981,FA19720397653B2000,,FA197204130CC4A000,FA197204136D3B2000,FA19720F5130BB2000,1m,"mv :3.03, mv_2m:0.24,mv_5m : 0.50, mv_30m : -6.63, mv_60m: 0.68",E. Australia Standard Time
197,6,PSA,2024-09-11 02:36:24.249,349.73,2098.38,1.111,1971-01-01 00:00:00.000,,0.0,0.0,6,cancelled,1.005,0.97,1.006,0.15,0.0,FA19720F862444A000,,,,,1m,"mv :-9.42, mv_2m:-0.11,mv_5m : 0.36, mv_30m : -0.43, mv_60m: -2.96",E. Australia Standard Time
198,7,MDT,2024-09-11 02:36:59.330,90.43,2170.32,1.111,1971-01-01 00:00:00.000,,0.0,0.0,24,cancelled,1.005,0.97,1.006,0.15,0.0,FA19720FA86604A000,,,,,1m,"mv :-9.17, mv_2m:0.14,mv_5m : 0.06, mv_30m : 1.71, mv_60m: -12.49",E. Australia Standard Time
199,8,UNH,2024-09-11 03:09:52.993,591.1,1773.3,1.111,1971-01-01 00:00:00.000,,0.0,0.0,3,cancelled,1.005,0.97,1.006,0.15,0.0,FA1972172FCB04A000,,,,,1m,"mv :-3.17, mv_2m:0.67,mv_5m : 1.35, mv_30m : 3.82, mv_60m: 5.48",E. Australia Standard Time
200,9,ABBV,2024-09-11 03:21:07.493,194.98,2144.78,1.111,1971-01-01 00:00:00.000,,0.0,0.0,11,cancelled,1.005,0.97,1.006,0.15,0.0,FA197219C27E44A000,,,,,1m,"mv :1.48, mv_2m:-0.26,mv_5m : -0.37, mv_30m : 0.94, mv_60m: 0.44",E. Australia Standard Time
201,10,HD,2024-09-11 03:24:15.815,363.52,2181.12,1.111,1971-01-01 00:00:00.000,,0.0,0.0,6,cancelled,1.005,0.97,1.006,0.15,0.0,FA19721A7A63FB2000,,,,,1m,"mv :-0.54, mv_2m:-0.05,mv_5m : -0.27, mv_30m : 0.56, mv_60m: 1.21",E. Australia Standard Time
202,11,CB,2024-09-11 03:27:43.027,288.98,2022.86,1.111,1971-01-01 00:00:00.000,,0.0,0.0,7,cancelled,1.005,0.97,1.006,0.15,0.0,FA19721B44BF7B2000,,,,,1m,"mv :0.06, mv_2m:-0.11,mv_5m : 0.47, mv_30m : 1.16, mv_60m: 3.26",E. Australia Standard Time
203,12,MRK,2024-09-11 03:28:11.916,114.54,2176.26,1.111,1971-01-01 00:00:00.000,,0.0,0.0,19,cancelled,1.005,0.97,1.006,0.15,0.0,FA19721B60F47B2000,,,,,1m,"mv :-0.19, mv_2m:-0.36,mv_5m : 1.22, mv_30m : 4.06, mv_60m: 9.38",E. Australia Standard Time
204,13,CMG,2024-09-11 03:34:11.779,53.92,2156.8,1.111,1971-01-01 00:00:00.000,,0.0,0.0,40,cancelled,1.005,0.97,1.006,0.15,0.0,FA19721CC063FB2000,,,,,1m,"mv :1.49, mv_2m:0.79,mv_5m : 1.37, mv_30m : 6.22, mv_60m: 10.24",E. Australia Standard Time
205,14,SBUX,2024-09-11 03:35:10.426,91.26,2190.24,1.111,1971-01-01 00:00:00.000,,0.0,0.0,24,cancelled,1.02,0.97,1.006,0.15,0.0,FA19721CF9AAFB2000,,,,,1m,"mv :1.62, mv_2m:0.18,mv_5m : 0.73, mv_30m : 1.08, mv_60m: 1.61",E. Australia Standard Time
206,15,HD,2024-09-11 03:51:51.815,364.06,2184.36,1.111,1971-01-01 00:00:00.000,,0.0,0.0,6,cancelled,1.005,0.97,1.006,0.15,0.0,FA197220CB92C4A000,,,,,1m,"mv :3.62, mv_2m:0.27,mv_5m : 0.00, mv_30m : 0.48, mv_60m: 1.61",E. Australia Standard Time
207,16,USB,2024-09-11 03:52:31.882,44.1,2160.9,1.111,1971-01-01 00:00:00.000,,0.0,0.0,49,cancelled,1.005,0.97,1.006,0.15,0.0,FA197220F2B2C4A000,,,,,1m,"mv :4.32, mv_2m:1.07,mv_5m : 1.79, mv_30m : 6.37, mv_60m: 11.07",E. Australia Standard Time
208,17,JPM,2024-09-11 03:53:00.764,201.73,2017.3,1.111,1971-01-01 00:00:00.000,,0.0,0.0,10,cancelled,1.005,0.97,1.006,0.15,0.0,FA1972210EE8C4A000,,,,,1m,"mv :4.67, mv_2m:1.42,mv_5m : 2.52, mv_30m : 6.47, mv_60m: 12.46",E. Australia Standard Time
209,18,CVS,2024-09-11 03:55:17.041,56.27,2194.53,1.111,1971-01-01 00:00:00.000,,0.0,0.0,39,cancelled,1.005,0.97,1.006,0.15,0.0,FA19722193FC44A000,,,,,1m,"mv :4.15, mv_2m:-0.14,mv_5m : -0.21, mv_30m : -0.54, mv_60m: -0.17",E. Australia Standard Time
210,19,CMCSA,2024-09-11 03:56:14.225,39.03,2185.68,1.111,1971-01-01 00:00:00.000,,0.0,0.0,56,cancelled,1.005,0.97,1.006,0.15,0.0,FA197221CBD484A000,,,,,1m,"mv :4.09, mv_2m:-0.17,mv_5m : -0.69, mv_30m : 4.23, mv_60m: 9.14",E. Australia Standard Time
211,20,PSA,2024-09-11 04:01:54.399,350.52,2103.12,1.111,1971-01-01 00:00:00.000,,0.0,0.0,6,cancelled,1.005,0.97,1.006,0.15,0.0,FA197223180744A000,,,,,1m,"mv :5.93, mv_2m:0.29,mv_5m : 0.34, mv_30m : 1.10, mv_60m: 1.80",E. Australia Standard Time
212,21,BDX,2024-09-11 04:02:12.565,235.05,2115.45,1.111,1971-01-01 00:00:00.000,,0.0,0.0,9,cancelled,1.005,0.97,1.006,0.15,0.0,FA19722329C544A000,,,,,1m,"mv :6.40, mv_2m:0.76,mv_5m : 1.05, mv_30m : 2.80, mv_60m: 3.71",E. Australia Standard Time
213,22,JPM,2024-09-11 04:04:38.605,201.73,2017.3,1.111,1971-01-01 00:00:00.000,,0.0,0.0,10,cancelled,1.005,0.97,1.006,0.15,0.0,FA197223B86284A000,,,,,1m,"mv :8.29, mv_2m:-1.04,mv_5m : 3.69, mv_30m : 6.39, mv_60m: 13.49",E. Australia Standard Time
214,23,OXY,2024-09-11 04:16:17.019,50.92,2189.56,1.111,1971-01-01 00:00:00.000,,0.0,0.0,43,cancelled,1.005,0.97,1.006,0.15,0.0,FA197226626DFB2000,,,,,1m,"mv :6.40, mv_2m:0.70,mv_5m : -0.45, mv_30m : 1.77, mv_60m: 5.46",E. Australia Standard Time
215,24,FTNT,2024-09-11 04:16:46.138,75.02,2175.58,1.111,1971-01-01 00:00:00.000,,0.0,0.0,29,cancelled,1.005,0.97,1.006,0.15,0.0,FA1972267EDBC4A000,,,,,1m,"mv :6.68, mv_2m:0.97,mv_5m : 0.10, mv_30m : 1.39, mv_60m: 3.86",E. Australia Standard Time
216,25,CHTR,2024-09-11 04:18:04.200,320.86,1925.16,1.111,1971-01-01 00:00:00.000,,0.0,0.0,6,cancelled,1.005,0.97,1.006,0.15,0.0,FA197226CB19BB2000,,,,,1m,"mv :6.07, mv_2m:-0.72,mv_5m : 0.70, mv_30m : 2.28, mv_60m: 5.04",E. Australia Standard Time
217,26,ADP,2024-09-11 04:40:21.260,275.24,1926.68,1.111,1971-01-01 00:00:00.000,,0.0,0.0,7,cancelled,1.005,0.97,1.006,0.15,0.0,FA19722BE4D184A000,,,,,1m,"mv :10.89, mv_2m:0.01,mv_5m : 0.12, mv_30m : 2.55, mv_60m: 2.72",E. Australia Standard Time
218,27,MRNA,2024-09-11 04:40:50.653,76.2,2133.6,1.111,1971-01-01 00:00:00.000,,0.0,0.0,28,cancelled,1.005,0.97,1.006,0.15,0.0,FA19722C0183C4A000,,,,,1m,"mv :11.24, mv_2m:0.35,mv_5m : -0.17, mv_30m : 2.50, mv_60m: 4.62",E. Australia Standard Time
219,28,AMGN,2024-09-11 04:46:52.008,323.13,1938.78,1.111,1971-01-01 00:00:00.000,,0.0,0.0,6,cancelled,1.005,0.97,1.006,0.15,0.0,FA19722D6266C4A000,,,,,1m,"mv :10.85, mv_2m:0.42,mv_5m : 1.23, mv_30m : 5.28, mv_60m: 4.88",E. Australia Standard Time
220,29,CMG,2024-09-11 04:50:29.899,53.92,2156.8,1.111,1971-01-01 00:00:00.000,,0.0,0.0,40,cancelled,1.005,0.97,1.006,0.15,0.0,FA19722E372F3B2000,,,,,1m,"mv :11.64, mv_2m:-0.07,mv_5m : 1.80, mv_30m : 5.32, mv_60m: 7.87",E. Australia Standard Time
221,30,GOOG,2024-09-11 05:02:57.960,148.7,2081.8,1.111,1971-01-01 00:00:00.000,,0.0,0.0,14,cancelled,1.005,0.97,1.006,0.15,0.0,FA19723111B784A000,,,,,1m,"mv :12.86, mv_2m:-1.38,mv_5m : 0.19, mv_30m : 4.93, mv_60m: 8.11",E. Australia Standard Time
222,31,MCHP,2024-09-11 05:06:11.041,73.94,2144.26,1.111,1971-01-01 00:00:00.000,,0.0,0.0,29,cancelled,1.005,0.97,1.006,0.15,0.0,FA197231CE4284A000,,,,,1m,"mv :12.93, mv_2m:-0.11,mv_5m : -0.30, mv_30m : 3.62, mv_60m: 9.12",E. Australia Standard Time
223,32,MPC,2024-09-11 05:07:39.395,161.0,2093.0,1.111,1971-01-01 00:00:00.000,,0.0,0.0,13,cancelled,1.005,0.97,1.006,0.15,0.0,FA197232248CC4A000,,,,,1m,"mv :13.76, mv_2m:0.78,mv_5m : 1.81, mv_30m : 6.24, mv_60m: 10.81",E. Australia Standard Time
224,33,SBUX,2024-09-11 05:10:06.872,91.48,2195.52,1.111,1971-01-01 00:00:00.000,,0.0,0.0,24,cancelled,1.02,0.97,1.006,0.15,0.0,FA197232B491BB2000,,,,,1m,"mv :14.80, mv_2m:0.31,mv_5m : 0.11, mv_30m : 0.24, mv_60m: 3.14",E. Australia Standard Time
225,34,WMT,2024-09-11 05:23:04.412,77.15,2160.2,1.111,1971-01-01 00:00:00.000,,0.0,0.0,28,cancelled,1.02,0.97,1.006,0.15,0.0,FA197235ABE344A000,,,,,1m,"mv :19.66, mv_2m:0.94,mv_5m : 3.58, mv_30m : 8.59, mv_60m: 17.29",E. Australia Standard Time
226,35,SNPS,2024-09-11 05:24:17.273,460.1,1840.4,1.111,1971-01-01 00:00:00.000,,0.0,0.0,4,cancelled,1.005,0.97,1.006,0.15,0.0,FA197235F3083B2000,,,,,1m,"mv :19.95, mv_2m:-0.01,mv_5m : 1.50, mv_30m : 2.22, mv_60m: 7.81",E. Australia Standard Time
227,36,UNP,2024-09-11 05:24:52.013,250.26,2002.08,1.111,1971-01-01 00:00:00.000,,0.0,0.0,8,cancelled,1.005,0.97,1.006,0.15,0.0,FA19723614F644A000,,,,,1m,"mv :20.31, mv_2m:0.36,mv_5m : 2.86, mv_30m : 7.73, mv_60m: 16.36",E. Australia Standard Time
228,37,CHTR,2024-09-11 05:32:40.024,320.86,1925.16,1.111,1971-01-01 00:00:00.000,,0.0,0.0,6,cancelled,1.005,0.97,1.006,0.15,0.0,FA197237DDFD84A000,,,,,1m,"mv :20.76, mv_2m:0.04,mv_5m : 0.08, mv_30m : 5.94, mv_60m: 10.03",E. Australia Standard Time
229,38,ADP,2024-09-11 05:38:28.894,275.59,1929.13,1.111,1971-01-01 00:00:00.000,,0.0,0.0,7,cancelled,1.005,0.97,1.006,0.15,0.0,FA19723932B0FB2000,,,,,1m,"mv :20.61, mv_2m:-0.18,mv_5m : 0.19, mv_30m : 1.10, mv_60m: 1.76",E. Australia Standard Time
230,39,HD,2024-09-11 05:44:39.363,364.17,2185.02,1.111,1971-01-01 00:00:00.000,,0.0,0.0,6,cancelled,1.005,0.97,1.006,0.15,0.0,FA19723A9C7A84A000,,,,,1m,"mv :19.29, mv_2m:0.04,mv_5m : 0.22, mv_30m : -0.25, mv_60m: -0.01",E. Australia Standard Time
231,40,MSCI,2024-09-11 05:45:14.993,558.08,1674.24,1.111,1971-01-01 00:00:00.000,,0.0,0.0,3,cancelled,1.005,0.97,1.006,0.15,0.0,FA19723ABF44FB2000,,,,,1m,"mv :19.84, mv_2m:0.58,mv_5m : 1.28, mv_30m : 1.86, mv_60m: 4.72",E. Australia Standard Time
232,41,NFLX,2024-09-11 05:47:23.207,669.95,2009.85,1.111,1971-01-01 00:00:00.000,,0.0,0.0,3,cancelled,1.005,0.97,1.006,0.15,0.0,FA19723B3C7A3B2000,,,,,1m,"mv :19.45, mv_2m:0.27,mv_5m : 0.82, mv_30m : 3.46, mv_60m: 9.84",E. Australia Standard Time
233,42,SO,2024-09-11 05:48:54.612,89.15,2139.6,1.111,1971-01-01 00:00:00.000,,0.0,0.0,24,cancelled,1.005,0.97,1.006,0.15,0.0,FA19723B95BC44A000,,,,,1m,"mv :20.50, mv_2m:1.01,mv_5m : 2.05, mv_30m : 5.00, mv_60m: 11.01",E. Australia Standard Time
234,43,CHTR,2024-09-11 05:59:41.609,320.86,1925.16,1.111,1971-01-01 00:00:00.000,,0.0,0.0,6,cancelled,1.005,0.97,1.006,0.15,0.0,FA19723E0D92BB2000,,,,,1m,"mv :17.76, mv_2m:1.50,mv_5m : -0.64, mv_30m : 0.87, mv_60m: 6.51",E. Australia Standard Time
